id,team,No,name,time_played,position,birthdate,height,weight,salary,nth_year,is_youth,nationality,j1_total_num_played,j1_total_scores,j2_total_num_played,j2_total_scores,j3_total_num_played,j3_total_scores,na_total_num_played,na_total_scores,prev3_team,prev2_team,prev1_team,prev3_div,prev2_div,prev1_div,prev3_num_played,prev2_num_played,prev1_num_played,prev3_scores,prev2_scores,prev1_scores,prev3_time_played,prev2_time_played,prev1_time_played
2,C大阪,2.0,松田　陸,2524.0,DF,1991-07-24,171.0,69.0,2000,3.0,,,47.0,3.0,42.0,2.0,,,,,FC東京,C大阪,C大阪,1,2,1,9,42,31,0,2,2,473,3733,2662
5,C大阪,5.0,田中　裕介,279.0,DF,1986-04-14,181.0,77.0,2700,4.0,,,223.0,10.0,42.0,1.0,,,,,C大阪,C大阪,C大阪,2,2,1,9,33,18,1,0,0,664,2725,492
6,C大阪,6.0,山口　蛍,2970.0,MF,1990-10-06,173.0,72.0,6700,10.0,1.0,,134.0,12.0,58.0,2.0,,,38.0,2.0,C大阪・GER,C大阪,C大阪,2,2,1,35,19,32,1,1,2,3150,1800,2880
7,C大阪,7.0,水沼　宏太,1671.0,MF,1990-02-22,176.0,72.0,3000,2.0,,,194.0,24.0,50.0,7.0,9.0,3.0,,,鳥栖,FC東京,C大阪,1,1,1,32,17,24,7,1,3,2353,570,1901
8,C大阪,8.0,柿谷　曜一朗,1424.0,FW,1990-01-03,177.0,68.0,7200,10.0,1.0,,113.0,39.0,168.0,23.0,,,18.0,5.0,SUI,C大阪,C大阪,9,2,1,4,20,34,1,5,6,-,1635,2918
9,C大阪,9.0,杉本　健勇,2448.0,FW,1992-11-18,187.0,79.0,4000,8.0,1.0,,147.0,39.0,59.0,19.0,,,5.0,1.0,川崎F,C大阪,C大阪,1,2,1,24,41,34,6,14,22,1041,3487,2999
10,C大阪,10.0,清武　弘嗣,1369.0,MF,1989-11-12,172.0,66.0,11000,5.0,,,115.0,23.0,,,,,43.0,5.0,GER,SPA,C大阪,9,9,1,21,4,18,5,1,6,-,-,1289
11,C大阪,11.0,ソウザ,1793.0,MF,1988-03-08,183.0,75.0,6500,3.0,,brazil,33.0,4.0,39.0,8.0,,,,,BRA,C大阪,C大阪,9,2,1,27,39,33,3,8,4,-,3341,2825
13,C大阪,13.0,高木　俊幸,1868.0,FW,1991-05-25,170.0,64.0,2000,1.0,,,167.0,24.0,30.0,6.0,,,,,浦和,浦和,浦和,1,1,1,21,14,12,2,2,0,881,829,591
14,C大阪,14.0,丸橋　祐介,2957.0,DF,1990-09-02,178.0,73.0,3500,10.0,1.0,,177.0,8.0,79.0,1.0,,,,,C大阪,C大阪,C大阪,2,2,1,39,40,33,0,1,1,3510,3564,2947
15,C大阪,15.0,木本　恭生,1651.0,DF,1993-08-06,183.0,73.0,800,3.0,,,23.0,2.0,1.0,1.0,23.0,1.0,,,福岡,C大阪,C大阪,2,2,1,0,1,23,0,1,2,0,25,1296
18,C大阪,18.0,ヤン　ドンヒョン,849.0,FW,1986-03-28,186.0,80.0,6500,1.0,,korea,,,,,,,,,KOR,KOR,KOR,9,9,9,30,32,36,8,13,19,-,-,-
21,C大阪,21.0,キム　ジンヒョン,3060.0,GK,1987-07-06,192.0,82.0,10000,10.0,,korea,183.0,0.0,113.0,0.0,1.0,0.0,14.0,0.0,C大阪,C大阪,C大阪,2,2,1,24,39,31,0,0,0,2134,3465,2790
22,C大阪,22.0,マテイ　ヨニッチ,2970.0,DF,1991-01-29,187.0,83.0,8200,2.0,,croatia,34.0,6.0,,,,,,,KOR,KOR,C大阪,9,9,1,37,34,34,0,0,6,-,-,3032
23,C大阪,23.0,山下　達也,1395.0,DF,1987-11-07,182.0,73.0,3100,12.0,,,94.0,6.0,134.0,3.0,,,,,C大阪,C大阪,C大阪,2,2,1,42,39,22,2,1,2,3769,3510,1906
24,C大阪,24.0,山村　和也,1319.0,MF,1989-12-02,186.0,80.0,3000,3.0,,,90.0,12.0,34.0,6.0,,,1.0,0.0,鹿島,C大阪,C大阪,1,2,1,13,34,27,0,6,8,611,2542,2200
26,C大阪,26.0,秋山　大地,26.0,MF,1994-07-28,172.0,66.0,750,6.0,1.0,,15.0,0.0,25.0,0.0,15.0,0.0,,,愛媛・C大阪,C大阪,C大阪,2,1,1,23,2,12,0,0,0,1480,62,124
32,C大阪,32.0,田中　亜土夢,228.0,MF,1987-10-04,167.0,68.0,4000,1.0,,,200.0,17.0,,,,,,,FIN,FIN,FIN,9,9,9,31,17,33,8,5,7,-,-,-
61,FC東京,1.0,大久保　択生,270.0,GK,1989-09-18,190.0,92.0,1200,2.0,,,7.0,0.0,136.0,0.0,4.0,0.0,,,長崎,長崎,FC東京,2,2,1,31,42,7,0,0,0,2790,3711,630
62,FC東京,2.0,室屋　成,2693.0,DF,1994-04-05,176.0,70.0,1500,3.0,,,38.0,0.0,,,5.0,0.0,1.0,0.0,FC東京,FC東京,FC東京,1,1,1,0,12,26,0,0,0,0,1080,2291
63,FC東京,3.0,森重　真人,2676.0,DF,1987-05-21,183.0,79.0,8500,9.0,,,283.0,24.0,37.0,6.0,,,41.0,2.0,FC東京,FC東京,FC東京,1,1,1,32,32,17,7,4,1,2834,2865,1484
64,FC東京,4.0,吉本　一謙,0.0,DF,1988-04-24,185.0,83.0,1500,11.0,1.0,,65.0,1.0,46.0,3.0,14.0,0.0,,,FC東京,FC東京,FC東京,1,1,1,19,7,11,0,0,0,1398,378,892
65,FC東京,5.0,丸山　祐市,686.0,DF,1989-06-16,182.0,75.0,4300,6.0,,,88.0,2.0,41.0,2.0,1.0,0.0,2.0,0.0,FC東京,FC東京,FC東京,1,1,1,20,34,31,0,0,2,1454,2925,2746
67,FC東京,6.0,太田　宏介,2082.0,DF,1987-07-23,179.0,78.0,6200,6.0,,,246.0,10.0,32.0,0.0,,,7.0,0.0,FC東京・HOL,HOL,FC東京,1,9,1,30,10,32,3,0,1,2608,-,2731
68,FC東京,7.0,米本　拓司,1285.0,MF,1990-12-03,177.0,71.0,3200,10.0,,,191.0,5.0,1.0,0.0,10.0,0.0,1.0,0.0,FC東京,FC東京,FC東京,1,1,1,31,21,11,1,0,0,2656,1834,559
69,FC東京,8.0,髙萩　洋次郎,2917.0,MF,1986-08-02,183.0,69.0,5600,2.0,,,214.0,23.0,86.0,17.0,,,3.0,0.0,KOR,KOR,FC東京,9,9,1,14,32,30,2,1,1,-,-,2644
70,FC東京,9.0,ディエゴ　オリヴェイラ,2616.0,FW,1990-06-22,179.0,78.0,5300,1.0,,brazil,57.0,17.0,,,,,,,BRA・BRA,柏,柏,9,1,1,46,30,27,8,12,5,-,2482,1331
71,FC東京,10.0,梶山　陽平,0.0,MF,1985-09-24,180.0,73.0,3000,14.0,1.0,,267.0,16.0,34.0,6.0,8.0,0.0,,,FC東京,FC東京,FC東京,1,1,1,18,14,11,0,0,0,1481,954,497
72,FC東京,11.0,永井　謙佑,1625.0,FW,1989-03-05,178.0,71.0,5100,2.0,,,194.0,43.0,5.0,0.0,,,6.0,0.0,名古屋,名古屋,FC東京,1,1,1,31,31,30,10,7,1,2731,2696,1664
74,FC東京,15.0,久保　建英,58.0,MF,2001-06-04,173.0,67.0,480,2.0,1.0,,2.0,0.0,,,24.0,2.0,,,-,FC東京,FC東京,-,1,1,-,0,2,-,0,0,-,0,33
75,FC東京,17.0,富樫　敬真,573.0,FW,1993-08-10,178.0,75.0,1400,1.0,,,38.0,8.0,,,,,,,横浜FM,横浜FM,横浜FM,1,1,1,4,18,16,1,5,2,59,868,563
76,FC東京,18.0,橋本　拳人,2234.0,MF,1993-08-16,183.0,76.0,2000,6.0,1.0,,67.0,10.0,60.0,0.0,5.0,1.0,,,FC東京,FC東京,FC東京,1,1,1,13,28,26,1,4,5,660,1956,2225
78,FC東京,20.0,前田　遼一,510.0,FW,1981-10-09,183.0,78.0,5200,4.0,,,411.0,153.0,37.0,17.0,2.0,0.0,33.0,10.0,FC東京,FC東京,FC東京,1,1,1,30,29,26,9,6,1,2209,2050,1160
80,FC東京,23.0,矢島　輝一,42.0,FW,1995-04-06,187.0,82.0,480,1.0,1.0,,0.0,0.0,,,4.0,1.0,,,-,FC東京,-,-,1,-,-,0,-,-,0,-,-,0,-
82,FC東京,25.0,小川　諒也,1165.0,DF,1996-11-24,183.0,78.0,800,4.0,,,23.0,0.0,,,41.0,1.0,,,FC東京,FC東京,FC東京,1,1,1,0,18,5,0,0,0,0,1614,255
84,FC東京,27.0,田邉　草民,704.0,MF,1990-04-06,175.0,68.0,2000,9.0,,,62.0,5.0,31.0,5.0,3.0,2.0,,,FC東京,FC東京,FC東京,1,1,1,0,24,8,0,1,1,0,1568,365
90,FC東京,33.0,林　彰洋,2790.0,GK,1987-05-07,195.0,93.0,6300,2.0,,,171.0,0.0,,,,,0.0,0.0,鳥栖,鳥栖,FC東京,1,1,1,23,34,27,0,0,0,2070,3060,2430
92,FC東京,38.0,東　慶悟,2847.0,MF,1990-07-20,178.0,72.0,4100,6.0,,,214.0,21.0,29.0,6.0,,,,,FC東京,FC東京,FC東京,1,1,1,25,28,30,4,2,1,1671,2138,2207
93,FC東京,39.0,大森　晃太郎,2388.0,MF,1992-04-28,170.0,70.0,4000,1.0,,,110.0,15.0,16.0,1.0,2.0,0.0,,,G大阪,G大阪,神戸,1,1,1,30,25,26,3,3,4,1640,1377,1704
94,FC東京,40.0,平川　怜,4.0,MF,2000-04-20,177.0,72.0,380,2.0,1.0,,1.0,0.0,,,19.0,1.0,,,-,FC東京,FC東京,-,1,1,-,0,1,-,0,0,-,0,18
95,FC東京,44.0,品田　愛斗,6.0,MF,1999-09-19,180.0,66.0,380,1.0,1.0,,0.0,0.0,,,19.0,0.0,,,-,FC東京,FC東京,-,1,1,-,0,0,-,0,0,-,0,0
96,FC東京,48.0,チャン　ヒョンス,2128.0,DF,1991-09-28,185.0,82.0,7500,4.0,,korea,51.0,6.0,,,,,45.0,3.0,CHN,CHN,CHN・FC東京,9,9,1,16,24,11,1,1,2,-,-,990
116,G大阪,1.0,東口　順昭,2491.0,GK,1986-05-12,184.0,78.0,7000,5.0,,,219.0,0.0,,,,,4.0,0.0,G大阪,G大阪,G大阪,1,1,1,34,34,33,0,0,0,3029,3060,2970
117,G大阪,2.0,西野　貴治,0.0,DF,1993-09-14,187.0,73.0,900,7.0,1.0,,18.0,1.0,34.0,4.0,24.0,1.0,,,G大阪,G大阪,千葉・G大阪,1,1,2,3,3,5,0,0,1,264,95,398
120,G大阪,3.0,ファビオ,2708.0,DF,1989-02-28,186.0,78.0,3600,2.0,,brazil,103.0,9.0,,,,,,,横浜FM,横浜FM,G大阪,1,1,1,33,23,22,4,3,1,2895,1995,1906
123,G大阪,4.0,藤春　廣輝,2011.0,DF,1988-11-28,175.0,60.0,4000,8.0,,,164.0,6.0,42.0,4.0,,,3.0,0.0,G大阪,G大阪,G大阪,1,1,1,32,29,33,0,2,2,2800,2486,2900
124,G大阪,5.0,三浦　弦太,3060.0,DF,1995-03-01,183.0,77.0,2600,2.0,,,50.0,2.0,29.0,0.0,11.0,1.0,2.0,0.0,清水,清水,G大阪,1,2,1,7,29,34,0,0,2,603,2478,3060
125,G大阪,6.0,初瀬　亮,732.0,DF,1997-07-10,180.0,70.0,1000,3.0,1.0,,24.0,0.0,,,15.0,0.0,,,G大阪,G大阪,G大阪,1,1,1,0,5,19,0,0,0,0,287,1132
126,G大阪,7.0,遠藤　保仁,2919.0,MF,1980-01-28,178.0,75.0,14500,18.0,,,568.0,101.0,33.0,5.0,,,152.0,15.0,G大阪,G大阪,G大阪,1,1,1,34,34,31,5,2,1,3031,2872,2283
132,G大阪,9.0,アデミウソン,1184.0,FW,1994-01-09,176.0,74.0,8500,3.0,,brazil,84.0,21.0,,,,,,,横浜FM,G大阪,G大阪,1,1,1,33,29,22,8,9,4,2820,1942,1360
133,G大阪,10.0,倉田　秋,2522.0,MF,1988-11-26,172.0,68.0,5200,10.0,1.0,,214.0,38.0,57.0,16.0,,,9.0,2.0,G大阪,G大阪,G大阪,1,1,1,31,34,33,5,2,8,2193,2201,2921
134,G大阪,11.0,ファン　ウィジョ,2097.0,FW,1992-08-28,184.0,73.0,7500,2.0,,korea,13.0,3.0,,,,,10.0,1.0,KOR,KOR,KOR・G大阪,9,9,1,37,17,13,15,9,3,-,-,857
135,G大阪,13.0,菅沼　駿哉,843.0,DF,1990-05-17,182.0,78.0,2200,4.0,1.0,,37.0,2.0,147.0,2.0,,,,,京都,京都,山形,2,2,2,34,39,40,1,1,0,3060,3501,3577
136,G大阪,14.0,米倉　恒貴,1504.0,DF,1988-05-17,176.0,71.0,2600,5.0,,,113.0,4.0,109.0,20.0,,,2.0,0.0,G大阪,G大阪,G大阪,1,1,1,31,21,13,2,1,0,2454,1694,255
137,G大阪,15.0,今野　泰幸,1118.0,MF,1983-01-25,178.0,73.0,11000,7.0,,,414.0,45.0,91.0,7.0,,,93.0,4.0,G大阪,G大阪,G大阪,1,1,1,31,33,24,3,4,2,2615,2721,2010
138,G大阪,16.0,野田　裕喜,0.0,DF,1997-07-27,181.0,73.0,480,3.0,,,0.0,0.0,5.0,0.0,32.0,3.0,,,熊本,G大阪,G大阪,2,1,1,4,0,0,0,0,0,294,0,0
139,G大阪,17.0,市丸　瑞希,301.0,MF,1997-05-08,174.0,66.0,420,3.0,1.0,,1.0,0.0,,,21.0,0.0,,,G大阪,G大阪,G大阪,1,1,1,0,0,1,0,0,0,0,0,76
142,G大阪,20.0,長沢　駿,847.0,FW,1988-08-25,192.0,82.0,3500,4.0,,,90.0,26.0,79.0,12.0,1.0,0.0,,,清水・G大阪,G大阪,G大阪,1,1,1,18,21,34,3,9,10,929,1152,2424
143,G大阪,21.0,矢島　慎也,75.0,MF,1994-01-18,171.0,67.0,2600,1.0,,,23.0,2.0,72.0,13.0,3.0,1.0,,,岡山,岡山,浦和,2,2,1,37,35,11,8,5,1,2709,3101,591
144,G大阪,22.0,オ　ジェソク,1871.0,DF,1990-01-04,178.0,74.0,3200,6.0,,korea,81.0,0.0,5.0,0.0,2.0,0.0,3.0,0.0,G大阪,G大阪,G大阪,1,1,1,10,18,29,0,0,0,645,1522,2213
146,G大阪,24.0,井出　遥也,226.0,MF,1994-03-25,171.0,66.0,1500,2.0,,,2.0,0.0,99.0,15.0,1.0,0.0,,,千葉,千葉,G大阪,2,2,1,31,35,2,6,5,0,1863,2227,69
147,G大阪,25.0,藤本　淳吾,1157.0,MF,1984-03-24,173.0,69.0,4000,3.0,,,305.0,52.0,,,4.0,2.0,13.0,1.0,横浜FM,G大阪,G大阪,1,1,1,19,13,14,3,0,1,1256,408,804
152,G大阪,31.0,鈴木　椋大,0.0,GK,1994-02-10,192.0,89.0,600,2.0,,,0.0,0.0,24.0,0.0,3.0,0.0,,,横浜FM,東京V,G大阪,1,2,1,0,24,0,0,0,0,0,2115,0
160,G大阪,39.0,泉澤　仁,109.0,MF,1991-12-17,165.0,63.0,2300,2.0,,,67.0,5.0,41.0,7.0,,,,,大宮,大宮,G大阪,2,1,1,41,30,21,7,3,2,3004,2022,746
169,浦和,1.0,西川　周作,3060.0,GK,1986-06-18,183.0,81.0,10000,5.0,,,389.0,0.0,,,,,31.0,0.0,浦和,浦和,浦和,1,1,1,34,34,34,0,0,0,3060,3060,3060
171,浦和,2.0,マウリシオ,2630.0,DF,1992-02-06,183.0,82.0,4500,2.0,,brazil,9.0,1.0,,,,,,,POR・POR,POR,浦和,9,9,1,29,28,9,1,3,1,-,-,810
172,浦和,3.0,宇賀神　友弥,2340.0,MF,1988-03-23,172.0,71.0,4400,9.0,1.0,,205.0,12.0,,,,,0.0,0.0,浦和,浦和,浦和,1,1,1,31,26,22,1,3,0,2654,2103,1664
173,浦和,5.0,槙野　智章,2880.0,DF,1987-05-11,182.0,77.0,9500,7.0,,,278.0,37.0,41.0,7.0,,,28.0,3.0,浦和,浦和,浦和,1,1,1,33,29,32,3,3,2,2970,2542,2732
174,浦和,6.0,遠藤　航,1440.0,DF,1993-02-09,178.0,75.0,3800,3.0,,,111.0,11.0,104.0,15.0,,,11.0,0.0,浦和,浦和,浦和,1,1,1,31,27,30,4,0,3,2745,2304,2690
175,浦和,7.0,武富　孝介,302.0,MF,1990-09-23,173.0,69.0,2900,1.0,,,101.0,17.0,110.0,25.0,,,,,柏,柏,柏,1,1,1,28,26,26,2,3,9,2019,1804,1522
176,浦和,9.0,武藤　雄樹,2721.0,FW,1988-11-07,170.0,68.0,5000,4.0,,,167.0,37.0,,,,,2.0,2.0,浦和,浦和,浦和,1,1,1,32,34,31,13,12,6,2588,2628,2276
177,浦和,10.0,柏木　陽介,2504.0,MF,1987-12-15,176.0,73.0,10000,9.0,,,336.0,55.0,31.0,4.0,,,11.0,0.0,浦和,浦和,浦和,1,1,1,33,33,27,5,5,5,2834,2712,2136
178,浦和,11.0,マルティノス,446.0,MF,1991-03-07,183.0,70.0,7000,1.0,,curacao,53.0,9.0,,,,,6.0,1.0,ROU,横浜FM,横浜FM,9,1,1,21,24,29,4,4,5,-,1691,2375
181,浦和,14.0,平川　忠亮,115.0,DF,1979-05-01,172.0,72.0,2300,17.0,,,333.0,9.0,,,,,,,浦和,浦和,浦和,1,1,1,8,0,3,0,0,0,312,0,180
182,浦和,15.0,長澤　和輝,1876.0,MF,1991-12-16,172.0,68.0,2000,2.0,,,8.0,1.0,41.0,4.0,,,1.0,0.0,GER,千葉,浦和,9,2,1,1,41,8,0,4,1,-,3281,445
183,浦和,16.0,青木　拓矢,2304.0,MF,1989-09-16,179.0,77.0,2900,5.0,,,215.0,12.0,,,,,,,浦和,浦和,浦和,1,1,1,22,24,21,1,0,0,517,565,1244
185,浦和,18.0,山田　直輝,74.0,MF,1990-07-04,168.0,64.0,2500,7.0,1.0,,78.0,5.0,39.0,5.0,,,2.0,0.0,湘南,湘南,湘南,1,1,2,17,11,39,1,2,5,599,570,3030
187,浦和,20.0,李　忠成,366.0,FW,1985-12-19,182.0,77.0,5400,5.0,,,271.0,67.0,31.0,8.0,,,11.0,2.0,浦和,浦和,浦和,1,1,1,24,32,21,2,10,3,792,2137,701
188,浦和,21.0,ズラタン,66.0,FW,1983-12-15,186.0,80.0,8000,4.0,,slovenia,147.0,31.0,,,,,48.0,6.0,浦和,浦和,浦和,1,1,1,29,26,21,8,4,2,1296,799,624
189,浦和,22.0,阿部　勇樹,1353.0,MF,1981-09-06,178.0,77.0,12000,11.0,,,536.0,71.0,,,,,53.0,3.0,浦和,浦和,浦和,1,1,1,34,34,33,3,1,3,3060,3060,2950
191,浦和,25.0,榎本　哲也,0.0,GK,1983-05-02,180.0,76.0,2000,2.0,,,238.0,0.0,,,,,,,横浜FM,横浜FM,浦和,1,1,1,9,23,0,0,0,0,810,2025,0
193,浦和,27.0,橋岡　大樹,2114.0,DF,1999-05-17,182.0,73.0,380,1.0,1.0,,0.0,0.0,,,,,,,-,-,浦和,-,-,1,-,-,0,-,-,0,-,-,0
194,浦和,28.0,福島　春樹,0.0,GK,1993-04-08,183.0,78.0,480,3.0,,,0.0,0.0,,,14.0,0.0,,,浦和,浦和・鳥取,浦和,1,3,1,0,14,0,0,0,0,0,1246,0
195,浦和,29.0,柴戸　海,196.0,MF,1995-11-24,180.0,70.0,480,1.0,,,,,,,,,,,-,-,-,-,-,-,-,-,-,-,-,-,-,-,-
196,浦和,30.0,興梠　慎三,2817.0,FW,1986-07-31,175.0,72.0,9200,6.0,,,345.0,120.0,,,,,16.0,0.0,浦和,浦和,浦和,1,1,1,26,30,33,12,14,20,2003,2264,2872
197,浦和,31.0,岩波　拓也,1827.0,DF,1994-06-18,186.0,72.0,4200,1.0,,,106.0,4.0,37.0,2.0,1.0,0.0,,,神戸,神戸,神戸,1,1,1,30,21,29,1,1,1,2661,1890,2586
198,浦和,38.0,菊池　大介,444.0,MF,1991-04-12,172.0,68.0,2300,2.0,,,104.0,8.0,162.0,24.0,,,,,湘南,湘南,浦和,1,1,1,34,32,8,3,3,0,2939,2763,486
200,浦和,46.0,森脇　良太,371.0,DF,1986-04-06,177.0,75.0,6300,6.0,,,275.0,17.0,100.0,9.0,,,3.0,0.0,浦和,浦和,浦和,1,1,1,30,33,26,2,1,0,2610,2910,2140
208,横浜FM,2.0,ミロシュ　デゲネク,1080.0,DF,1994-04-28,187.0,82.0,3800,2.0,,australia・croatia,25.0,0.0,,,,,15.0,0.0,GER,GER,横浜FM,9,9,1,25,7,25,1,0,0,-,-,2193
210,横浜FM,4.0,栗原　勇蔵,270.0,DF,1983-09-18,184.0,80.0,2500,17.0,1.0,,313.0,16.0,,,,,20.0,3.0,横浜FM,横浜FM,横浜FM,1,1,1,11,12,8,0,1,0,585,649,238
211,横浜FM,5.0,喜田　拓也,1282.0,MF,1994-08-23,170.0,64.0,2200,6.0,1.0,,76.0,1.0,,,10.0,1.0,,,横浜FM,横浜FM,横浜FM,1,1,1,24,27,23,0,1,0,1881,2232,1852
212,横浜FM,6.0,扇原　貴宏,2574.0,MF,1991-10-05,185.0,74.0,3000,2.0,,,130.0,9.0,37.0,2.0,,,1.0,0.0,C大阪,C大阪・名古屋,横浜FM,2,2,1,33,6,26,2,0,1,2844,314,1740
213,横浜FM,7.0,ウーゴ　ヴィエイラ,1981.0,FW,1988-07-25,178.0,73.0,7400,2.0,,portugal,28.0,10.0,,,,,,,SRB,SRB,横浜FM,9,9,1,33,10,28,20,7,10,-,-,1726
214,横浜FM,8.0,中町　公祐,508.0,MF,1985-09-01,174.0,74.0,3600,7.0,,,167.0,14.0,101.0,12.0,,,,,横浜FM,横浜FM,横浜FM,1,1,1,14,31,22,2,6,2,957,2642,1474
215,横浜FM,9.0,大津　祐樹,1525.0,FW,1990-03-24,180.0,73.0,3600,1.0,,,106.0,9.0,9.0,1.0,,,2.0,0.0,柏,柏,柏,1,1,1,14,19,16,1,1,1,471,601,577
216,横浜FM,11.0,遠藤　渓太,1852.0,MF,1997-11-22,175.0,66.0,900,3.0,1.0,,37.0,2.0,,,,,,,-,横浜FM,横浜FM,-,1,1,-,23,14,-,0,2,-,954,467
217,横浜FM,13.0,金井　貢史,518.0,DF,1990-02-05,175.0,70.0,2400,8.0,1.0,,119.0,5.0,35.0,5.0,,,,,千葉,横浜FM,横浜FM,2,1,1,35,17,21,5,0,2,2695,1385,1722
219,横浜FM,14.0,天野　純,2897.0,MF,1991-07-19,175.0,67.0,1600,5.0,1.0,,50.0,5.0,,,,,,,横浜FM,横浜FM,横浜FM,1,1,1,6,11,33,0,0,5,169,708,2939
221,横浜FM,16.0,伊藤　翔,1237.0,FW,1988-07-24,184.0,76.0,3200,5.0,,,157.0,29.0,,,,,,,横浜FM,横浜FM,横浜FM,1,1,1,29,32,15,6,5,2,1635,1311,834
222,横浜FM,19.0,仲川　輝人,1772.0,FW,1992-07-27,161.0,57.0,900,4.0,,,6.0,0.0,30.0,3.0,,,,,横浜FM,横浜FM・町田,横浜FM・福岡,1,2,2,2,16,18,0,3,0,26,1153,1210
224,横浜FM,21.0,飯倉　大樹,3060.0,GK,1986-06-01,181.0,75.0,3300,13.0,1.0,,186.0,0.0,,,,,,,横浜FM,横浜FM,横浜FM,1,1,1,25,12,34,0,0,0,2250,1035,3060
225,横浜FM,22.0,中澤　佑二,1898.0,DF,1978-02-25,187.0,78.0,8700,17.0,,,571.0,35.0,,,,,110.0,17.0,横浜FM,横浜FM,横浜FM,1,1,1,34,34,34,0,3,1,3060,3060,3060
226,横浜FM,23.0,下平　匠,0.0,DF,1988-10-06,175.0,67.0,3500,5.0,,,218.0,6.0,,,,,,,横浜FM,横浜FM,横浜FM,1,1,1,34,15,5,1,1,0,3060,1305,367
227,横浜FM,24.0,山中　亮輔,2747.0,DF,1993-04-20,171.0,65.0,1900,2.0,,,57.0,2.0,23.0,3.0,4.0,0.0,,,柏,柏,横浜FM,1,1,1,11,13,22,0,1,1,318,553,1746
228,横浜FM,25.0,ユン　イルロク,1017.0,MF,1992-03-07,178.0,65.0,4300,1.0,,korea,,,,,,,8.0,1.0,KOR,KOR,KOR,9,9,9,20,26,35,1,6,5,-,-,-
229,横浜FM,26.0,イッペイ　シノヅカ,578.0,MF,1995-03-20,177.0,67.0,600,2.0,,russia,6.0,1.0,,,,,,,RUS,RUS,横浜FM,9,9,1,0,15,6,0,1,1,-,-,166
230,横浜FM,27.0,松原　健,2549.0,DF,1993-02-16,180.0,77.0,2600,2.0,,,82.0,1.0,29.0,0.0,1.0,0.0,0.0,0.0,新潟,新潟,横浜FM,1,1,1,0,17,26,0,0,1,0,1292,1951
232,横浜FM,30.0,鈴木　彩貴,0.0,GK,1987-04-13,184.0,80.0,700,2.0,,,0.0,0.0,37.0,0.0,,,,,北九州,北九州,横浜FM,2,2,1,19,18,0,0,0,0,1695,1620,0
233,横浜FM,31.0,杉本　大地,0.0,GK,1993-07-15,187.0,83.0,800,2.0,,,0.0,0.0,14.0,0.0,1.0,0.0,,,京都,徳島,横浜FM,2,2,1,5,2,0,0,0,0,450,180,0
234,横浜FM,32.0,原田　岳,0.0,GK,1998-05-22,188.0,84.0,400,2.0,1.0,,0.0,0.0,,,,,,,-,-,横浜FM,-,-,1,-,-,0,-,-,0,-,-,0
235,横浜FM,33.0,ダビド　バブンスキー,196.0,MF,1994-03-01,178.0,68.0,3200,2.0,,spain・macedonia,20.0,3.0,,,,,9.0,0.0,SPA・SRB,SRB,横浜FM,9,9,1,19,5,20,0,0,3,-,-,1191
237,横浜FM,35.0,吉尾　海夏,157.0,MF,1998-06-28,168.0,63.0,440,2.0,1.0,,0.0,0.0,,,,,,,-,横浜FM,横浜FM,-,1,1,-,0,0,-,0,0,-,0,0
238,横浜FM,36.0,生駒　仁,0.0,DF,1999-07-01,185.0,77.0,380,1.0,,,,,,,,,,,-,-,-,-,-,-,-,-,-,-,-,-,-,-,-
240,横浜FM,38.0,山田　康太,390.0,MF,1999-07-10,175.0,68.0,400,1.0,1.0,,0.0,0.0,,,,,,,-,-,横浜FM,-,-,1,-,-,0,-,-,0,-,-,0
243,広島,1.0,林　卓人,3060.0,GK,1982-08-09,188.0,85.0,4400,9.0,,,255.0,0.0,183.0,0.0,,,0.0,0.0,広島,広島,広島,1,1,1,34,34,19,0,0,0,3060,3060,1710
244,広島,2.0,野上　結貴,2524.0,DF,1991-04-20,180.0,72.0,1400,3.0,,,28.0,0.0,130.0,6.0,,,,,横浜FC,横浜FC・広島,広島,2,2,1,37,12,24,0,0,0,3330,884,1970
245,広島,3.0,高橋　壮也,0.0,DF,1996-02-29,170.0,65.0,750,5.0,,,23.0,0.0,,,19.0,0.0,,,広島,広島,広島,1,1,1,0,2,21,0,0,0,0,24,1609
246,広島,4.0,水本　裕貴,2707.0,DF,1985-09-12,183.0,72.0,4000,8.0,,,372.0,16.0,,,,,7.0,0.0,広島,広島,広島,1,1,1,33,17,34,1,0,3,2933,1507,3046
247,広島,5.0,千葉　和彦,824.0,DF,1985-06-21,183.0,77.0,4200,7.0,,,337.0,5.0,,,,,1.0,0.0,広島,広島,広島,1,1,1,34,30,31,1,0,0,3060,2700,2760
248,広島,6.0,青山　敏弘,2814.0,MF,1986-02-22,174.0,73.0,7000,15.0,,,310.0,17.0,36.0,4.0,,,8.0,1.0,広島,広島,広島,1,1,1,33,28,31,3,2,0,2951,2265,2662
249,広島,8.0,森﨑　和幸,117.0,MF,1981-05-09,177.0,75.0,3500,19.0,1.0,,427.0,19.0,74.0,3.0,,,,,広島,広島,広島,1,1,1,33,24,10,1,0,0,2940,1921,410
250,広島,9.0,工藤　壮人,603.0,FW,1990-05-06,177.0,72.0,4000,2.0,,,180.0,59.0,27.0,10.0,,,4.0,2.0,柏,MLS,広島,1,9,1,34,17,18,10,2,3,2871,-,1016
251,広島,10.0,フェリペ　シウバ,43.0,MF,1990-05-28,171.0,76.0,4500,2.0,,brazil,23.0,2.0,,,,,,,BRA・BRA,BRA・BRA,広島,9,9,1,7,28,23,1,4,2,-,-,1128
252,広島,14.0,森島　司,2.0,MF,1997-04-25,175.0,66.0,800,3.0,,,14.0,0.0,,,,,,,-,広島,広島,-,1,1,-,0,14,-,0,0,-,0,644
253,広島,15.0,稲垣　祥,2726.0,MF,1991-12-25,175.0,70.0,1500,2.0,,,95.0,8.0,,,,,,,甲府,甲府,広島,1,1,1,29,33,14,1,5,2,2072,2846,895
255,広島,18.0,柏　好文,2719.0,MF,1987-07-28,168.0,62.0,3500,5.0,,,185.0,14.0,57.0,5.0,,,,,広島,広島,広島,1,1,1,30,34,29,4,1,2,2618,2860,2428
256,広島,19.0,佐々木　翔,3045.0,DF,1989-10-02,176.0,70.0,1700,4.0,,,93.0,6.0,35.0,2.0,,,,,広島,広島,広島,1,1,1,22,4,0,0,0,0,682,360,0
257,広島,20.0,渡　大生,741.0,FW,1993-06-25,176.0,70.0,2200,1.0,,,,,213.0,59.0,,,,,北九州,徳島,徳島,2,2,2,35,41,42,7,12,23,1122,2021,3538
258,広島,21.0,廣永　遼太郎,0.0,GK,1990-01-09,186.0,80.0,600,4.0,,,1.0,0.0,16.0,0.0,,,,,広島,広島,広島,1,1,1,0,0,1,0,0,0,0,0,90
259,広島,23.0,吉野　恭平,431.0,DF,1994-11-08,182.0,75.0,1400,4.0,,,2.0,0.0,70.0,2.0,5.0,0.0,,,広島,広島・京都,京都,1,2,2,0,15,34,0,0,1,0,1240,2953
261,広島,27.0,馬渡　和彰,208.0,DF,1991-06-23,175.0,72.0,1200,1.0,,,,,54.0,5.0,52.0,7.0,,,鳥取,金沢,徳島,3,2,2,31,15,39,2,1,4,2355,1050,3434
262,広島,28.0,丹羽　大輝,35.0,DF,1986-01-16,181.0,74.0,4000,2.0,,,149.0,2.0,149.0,6.0,,,2.0,0.0,G大阪,G大阪,G大阪・広島,1,1,1,34,28,18,0,0,0,3060,2462,1184
264,広島,30.0,柴﨑　晃誠,2213.0,MF,1984-08-28,176.0,65.0,3800,5.0,,,173.0,21.0,139.0,16.0,,,,,広島,広島,広島,1,1,1,27,34,30,6,8,4,1927,3052,2305
265,広島,31.0,ティーラシン,1578.0,FW,1988-06-06,181.0,76.0,3000,1.0,,thailand,,,,,,,91.0,42.0,THA,THA,THA,9,9,9,31,29,31,11,11,14,-,-,-
266,広島,32.0,松本　泰志,81.0,MF,1998-08-22,180.0,70.0,420,2.0,,,0.0,0.0,,,,,,,-,-,広島,-,-,1,-,-,0,-,-,0,-,-,0
267,広島,33.0,和田　拓也,2946.0,DF,1990-07-28,170.0,63.0,2000,1.0,,,79.0,0.0,108.0,2.0,,,,,大宮,大宮,大宮,2,1,1,34,21,25,2,0,0,2914,1808,2217
268,広島,34.0,中林　洋次,0.0,GK,1986-04-28,182.0,73.0,1700,6.0,,,42.0,0.0,207.0,0.0,,,,,岡山,岡山,広島,2,2,1,42,42,14,0,0,0,3780,3780,1260
269,広島,36.0,川辺　駿,1347.0,MF,1995-09-08,178.0,70.0,1500,3.0,1.0,,62.0,6.0,33.0,3.0,1.0,0.0,,,磐田,磐田,磐田,2,1,1,33,26,32,3,2,4,1974,1808,2716
272,広島,39.0,パトリック,2809.0,FW,1987-10-26,189.0,82.0,5000,2.0,,brazil,111.0,34.0,,,3.0,1.0,,,G大阪,G大阪,G大阪・広島,1,1,1,32,20,16,12,2,4,2428,1023,1182
277,札幌,1.0,菅野　孝憲,0.0,GK,1984-05-03,179.0,75.0,3300,1.0,,,235.0,0.0,259.0,1.0,,,,,柏,京都,京都,1,2,2,30,40,32,0,0,0,2641,3600,2880
278,札幌,2.0,横山　知伸,0.0,DF,1985-03-18,184.0,75.0,2300,2.0,,,162.0,7.0,41.0,3.0,,,,,大宮,大宮,札幌,2,1,1,41,19,26,3,1,2,3460,899,2257
279,札幌,3.0,田中　雄大,0.0,DF,1988-08-08,169.0,68.0,800,2.0,,,24.0,0.0,110.0,6.0,,,,,水戸,神戸,札幌,2,1,1,42,9,6,1,0,0,3762,402,511
282,札幌,5.0,福森　晃斗,2790.0,DF,1992-12-16,183.0,75.0,1700,4.0,,,49.0,4.0,78.0,7.0,,,,,札幌,札幌,札幌,2,2,1,39,39,33,4,3,3,3487,3483,2929
283,札幌,6.0,兵藤　慎剛,580.0,MF,1985-07-29,172.0,68.0,3000,2.0,,,300.0,34.0,,,,,,,横浜FM,横浜FM,札幌,1,1,1,28,18,32,1,2,2,1338,802,2674
284,札幌,7.0,ジュリーニョ,36.0,MF,1986-08-05,184.0,78.0,3300,3.0,,brazil,10.0,2.0,34.0,12.0,,,,,BRA・BRA,札幌,札幌,9,2,1,6,34,10,1,12,2,-,2336,600
285,札幌,8.0,深井　一希,2091.0,MF,1995-03-11,179.0,80.0,950,6.0,1.0,,5.0,0.0,62.0,0.0,,,,,札幌,札幌,札幌,2,2,1,15,25,5,0,0,0,709,2019,342
286,札幌,9.0,都倉　賢,1885.0,FW,1986-06-16,187.0,80.0,3100,5.0,,,94.0,21.0,191.0,74.0,,,,,札幌,札幌,札幌,2,2,1,34,40,30,13,19,9,2824,3537,2432
287,札幌,10.0,宮澤　裕樹,2398.0,MF,1989-06-28,182.0,72.0,2200,11.0,,,59.0,3.0,249.0,20.0,,,,,札幌,札幌,札幌,2,2,1,39,31,30,5,1,2,3457,2679,2596
288,札幌,11.0,ヘイス,74.0,FW,1989-06-06,183.0,83.0,3000,3.0,,brazil,12.0,6.0,24.0,7.0,,,,,TUR,札幌,札幌,9,2,1,0,24,12,0,7,6,-,1287,993
289,札幌,13.0,内村　圭宏,19.0,FW,1984-08-24,174.0,67.0,2100,9.0,,,72.0,4.0,314.0,85.0,,,,,札幌,札幌,札幌,2,2,1,35,42,15,7,11,0,2093,2287,241
290,札幌,14.0,駒井　善成,2551.0,MF,1992-06-06,168.0,64.0,2400,1.0,,,47.0,0.0,171.0,15.0,,,,,京都,浦和,浦和,2,1,1,35,23,24,3,0,0,3129,1144,1163
291,札幌,15.0,菊地　直哉,0.0,DF,1984-11-24,181.0,74.0,2200,3.0,,,236.0,7.0,52.0,0.0,,,1.0,0.0,鳥栖,鳥栖・札幌,札幌,1,2,1,31,21,16,0,0,0,2760,1635,1327
292,札幌,17.0,稲本　潤一,9.0,MF,1979-09-18,181.0,77.0,3000,4.0,,,223.0,19.0,39.0,1.0,,,82.0,5.0,札幌,札幌,札幌,2,2,1,31,8,6,0,1,0,2099,283,113
294,札幌,19.0,白井　康介,321.0,MF,1994-05-01,165.0,63.0,1000,1.0,,,0.0,0.0,91.0,8.0,0.0,0.0,,,湘南・愛媛,愛媛,愛媛,2,2,2,9,40,41,1,3,4,250,1861,3509
295,札幌,20.0,キム　ミンテ,2068.0,DF,1993-11-26,187.0,78.0,1100,2.0,,korea,35.0,4.0,,,,,,,仙台,仙台,札幌,1,1,1,16,3,16,4,0,0,1273,193,1275
297,札幌,25.0,ク　ソンユン,3060.0,GK,1994-06-27,195.0,82.0,2500,4.0,,korea,33.0,0.0,66.0,0.0,,,0.0,0.0,札幌,札幌,札幌,2,2,1,33,33,33,0,0,0,2970,2919,2907
298,札幌,26.0,早坂　良太,1045.0,MF,1985-09-19,183.0,73.0,2000,2.0,,,150.0,7.0,73.0,14.0,,,,,鳥栖,鳥栖,札幌,1,1,1,23,28,24,0,0,1,1032,1393,1806
299,札幌,27.0,荒野　拓馬,1381.0,MF,1993-04-20,180.0,72.0,1200,7.0,1.0,,30.0,0.0,107.0,11.0,,,,,札幌,札幌,札幌,2,2,1,31,18,27,2,2,0,2016,1480,2035
300,札幌,31.0,宮吉　拓実,334.0,FW,1992-08-07,173.0,68.0,1600,1.0,,,39.0,7.0,137.0,28.0,,,,,京都,広島,広島,2,1,1,33,13,8,4,4,0,2115,513,95
301,札幌,32.0,石川　直樹,892.0,DF,1985-09-13,180.0,74.0,2300,2.0,,,235.0,10.0,66.0,3.0,,,,,仙台,仙台,仙台・札幌,1,1,1,28,29,22,1,1,0,2520,2508,1650
302,札幌,35.0,進藤　亮佑,3060.0,DF,1996-06-07,183.0,74.0,600,4.0,1.0,,8.0,0.0,23.0,0.0,14.0,2.0,,,札幌,札幌,札幌,2,2,1,0,23,8,0,0,0,0,1930,381
304,札幌,38.0,菅　大輝,2604.0,FW,1998-09-10,171.0,69.0,600,2.0,1.0,,23.0,1.0,5.0,0.0,,,,,-,札幌,札幌,-,2,1,-,5,23,-,0,1,-,164,1547
306,札幌,41.0,三好　康児,1776.0,MF,1997-03-26,167.0,64.0,900,1.0,,,31.0,5.0,,,8.0,1.0,,,川崎F,川崎F,川崎F,1,1,1,3,15,13,0,4,1,32,468,455
309,札幌,44.0,小野　伸二,104.0,MF,1979-09-27,175.0,74.0,3600,5.0,,,194.0,29.0,63.0,9.0,,,56.0,6.0,札幌,札幌,札幌,2,2,1,17,15,16,2,0,0,1007,274,219
312,札幌,48.0,ジェイ,1888.0,FW,1982-05-07,190.0,89.0,6000,2.0,,england,36.0,24.0,32.0,20.0,,,1.0,0.0,磐田,磐田,札幌,2,1,1,31,22,14,20,14,10,2542,1765,966
313,鹿島,1.0,クォン　スンテ,2430.0,GK,1984-09-11,184.0,85.0,5200,2.0,,korea,12.0,0.0,,,,,6.0,0.0,KOR,KOR,鹿島,9,9,1,36,35,12,0,0,0,-,-,1039
314,鹿島,2.0,内田　篤人,602.0,DF,1988-03-27,176.0,67.0,6500,6.0,,,124.0,3.0,,,,,74.0,2.0,GER,GER,GER・GER,9,9,9,0,0,2,0,0,0,-,-,-
315,鹿島,3.0,昌子　源,1378.0,DF,1992-12-11,182.0,76.0,4200,8.0,,,141.0,7.0,,,,,10.0,1.0,鹿島,鹿島,鹿島,1,1,1,29,31,34,3,1,1,2610,2779,3060
316,鹿島,4.0,レオ　シルバ,1553.0,MF,1985-12-24,181.0,76.0,6000,2.0,,brazil,149.0,17.0,,,,,,,新潟,新潟,鹿島,1,1,1,25,32,27,4,5,1,2224,2879,2110
317,鹿島,5.0,植田　直通,1260.0,DF,1994-10-24,186.0,79.0,2000,6.0,,,82.0,4.0,,,4.0,0.0,2.0,0.0,鹿島,鹿島,鹿島,1,1,1,12,21,29,1,0,3,839,1793,2610
319,鹿島,6.0,永木　亮太,1908.0,MF,1988-06-04,173.0,72.0,3600,3.0,,,125.0,8.0,108.0,12.0,,,1.0,0.0,湘南,鹿島,鹿島,1,1,1,32,29,20,3,0,1,2854,1438,967
320,鹿島,7.0,ペドロ　ジュニオール,226.0,FW,1987-01-29,182.0,75.0,8000,2.0,,brazil,140.0,47.0,2.0,0.0,,,,,神戸,神戸,鹿島,1,1,1,13,29,21,1,11,7,781,2398,1310
321,鹿島,8.0,土居　聖真,2052.0,MF,1992-05-21,172.0,63.0,3000,8.0,1.0,,146.0,27.0,,,,,2.0,0.0,鹿島,鹿島,鹿島,1,1,1,28,30,33,6,8,3,2015,2130,2380
322,鹿島,9.0,鈴木　優磨,2376.0,FW,1996-04-26,182.0,75.0,2200,4.0,1.0,,64.0,16.0,,,9.0,3.0,,,鹿島,鹿島,鹿島,1,1,1,7,31,26,2,8,6,108,1188,866
323,鹿島,10.0,金崎　夢生,1273.0,FW,1989-02-16,180.0,70.0,6000,4.0,,,238.0,47.0,,,,,11.0,2.0,鹿島・POR,鹿島,鹿島,1,1,1,27,30,30,9,10,12,2157,2647,2368
330,鹿島,11.0,レアンドロ,187.0,MF,1993-05-12,177.0,78.0,7000,2.0,,brazil,23.0,11.0,,,,,1.0,1.0,BRA・BRA・BRA,BRA,鹿島,9,9,1,16,25,23,1,5,11,-,-,1837
331,鹿島,13.0,中村　充孝,784.0,MF,1990-09-13,174.0,67.0,2700,6.0,,,105.0,12.0,66.0,17.0,,,,,鹿島,鹿島,鹿島,1,1,1,17,17,20,2,3,1,780,856,1312
332,鹿島,14.0,金森　健志,462.0,FW,1994-04-04,171.0,74.0,1300,2.0,,,38.0,4.0,99.0,21.0,,,,,福岡,福岡,鹿島,2,1,1,32,33,5,6,4,0,2131,2320,209
333,鹿島,15.0,三竿　雄斗,80.0,DF,1991-04-16,175.0,70.0,2200,2.0,,,67.0,3.0,40.0,1.0,,,,,湘南,湘南,鹿島,1,1,1,33,32,2,1,2,0,2859,2880,124
334,鹿島,16.0,山本　脩斗,1224.0,DF,1985-06-01,180.0,69.0,4000,5.0,,,211.0,12.0,,,,,1.0,0.0,鹿島,鹿島,鹿島,1,1,1,28,31,32,3,3,2,2445,2782,2666
338,鹿島,19.0,山口　一真,233.0,FW,1996-01-17,175.0,70.0,480,1.0,,,,,,,,,,,-,-,-,-,-,-,-,-,-,-,-,-,-,-,-
339,鹿島,20.0,三竿　健斗,2100.0,MF,1996-04-16,181.0,73.0,1400,3.0,,,30.0,1.0,39.0,0.0,,,1.0,0.0,東京V,鹿島,鹿島,2,1,1,39,4,26,0,0,1,3186,30,1994
340,鹿島,21.0,曽ヶ端　準,630.0,GK,1979-08-02,187.0,80.0,6500,21.0,1.0,,521.0,0.0,,,,,4.0,0.0,鹿島,鹿島,鹿島,1,1,1,24,34,23,0,0,0,2160,3060,2021
341,鹿島,22.0,西　大伍,1581.0,DF,1987-08-28,178.0,74.0,4000,8.0,,,254.0,11.0,46.0,8.0,,,1.0,0.0,鹿島,鹿島,鹿島,1,1,1,30,26,30,0,0,1,2699,2302,2468
342,鹿島,23.0,小田　逸稀,462.0,DF,1998-07-16,173.0,68.0,400,2.0,,,0.0,0.0,,,,,,,-,-,鹿島,-,-,1,-,-,0,-,-,0,-,-,0
343,鹿島,24.0,伊東　幸敏,623.0,DF,1993-09-03,176.0,68.0,1400,7.0,,,63.0,0.0,,,4.0,0.0,,,鹿島,鹿島,鹿島,1,1,1,8,13,24,0,0,0,554,889,1036
344,鹿島,25.0,遠藤　康,1442.0,MF,1988-04-07,168.0,69.0,4000,12.0,,,222.0,39.0,,,,,,,鹿島,鹿島,鹿島,1,1,1,32,25,22,6,3,2,2318,1861,1502
346,鹿島,28.0,町田　浩樹,679.0,DF,1997-08-25,190.0,80.0,480,3.0,1.0,,2.0,0.0,,,,,,,鹿島,鹿島,鹿島,1,1,1,0,0,2,0,0,0,0,0,126
347,鹿島,29.0,川俣　慎一郎,0.0,GK,1989-07-23,188.0,86.0,700,10.0,1.0,,0.0,0.0,,,,,,,鹿島,鹿島,鹿島,1,1,1,0,0,0,0,0,0,0,0,0
348,鹿島,30.0,安部　裕葵,1146.0,FW,1999-01-28,171.0,65.0,800,2.0,,,13.0,1.0,,,,,,,-,-,鹿島,-,-,1,-,-,13,-,-,1,-,-,272
350,鹿島,32.0,安西　幸輝,2045.0,DF,1995-05-31,172.0,64.0,1800,1.0,,,,,150.0,6.0,,,,,東京V,東京V,東京V,2,2,2,35,34,40,1,0,3,2867,2702,3165
353,鹿島,39.0,犬飼　智也,1935.0,DF,1993-05-12,182.0,77.0,1800,1.0,,,37.0,0.0,89.0,10.0,,,,,清水,清水,清水,1,1,1,20,26,16,0,1,0,1647,2339,1421
354,鹿島,40.0,小笠原　満男,977.0,MF,1979-04-05,173.0,72.0,7500,21.0,,,511.0,69.0,,,,,55.0,7.0,鹿島,鹿島,鹿島,1,1,1,29,30,17,1,0,0,2399,2300,1327
355,湘南,1.0,秋元　陽太,3060.0,GK,1987-07-11,182.0,85.0,3000,4.0,,,73.0,0.0,167.0,0.0,,,,,湘南,FC東京,湘南,1,1,2,34,34,42,0,0,0,3015,3060,3780
356,湘南,2.0,菊地　俊介,2047.0,MF,1991-10-04,180.0,75.0,1200,5.0,,,37.0,1.0,53.0,11.0,,,,,湘南,湘南,湘南,1,1,2,30,7,23,1,0,8,2623,416,1995
357,湘南,3.0,岡﨑　亮平,0.0,DF,1992-04-25,185.0,78.0,500,4.0,1.0,,1.0,0.0,5.0,0.0,,,,,湘南・熊本,湘南,湘南,2,1,2,1,1,4,0,0,0,90,2,171
358,湘南,4.0,アンドレ　バイア,1049.0,DF,1983-11-24,182.0,85.0,7000,4.0,,brazil,61.0,2.0,39.0,4.0,,,,,湘南,湘南,湘南,1,1,2,30,31,39,0,2,4,2620,2790,3509
359,湘南,5.0,小林　祐介,13.0,MF,1994-10-23,172.0,65.0,1100,1.0,,,60.0,1.0,,,4.0,0.0,,,柏,柏,柏,1,1,1,14,22,14,0,0,1,811,1506,827
360,湘南,6.0,石川　俊輝,2280.0,MF,1991-07-10,174.0,68.0,1200,5.0,,,46.0,0.0,46.0,2.0,,,,,湘南,湘南,湘南,1,1,2,15,31,36,0,0,2,971,2419,2969
361,湘南,7.0,梅崎　司,1493.0,MF,1987-02-23,169.0,67.0,3000,1.0,,,247.0,30.0,,,,,1.0,0.0,浦和,浦和,浦和,1,1,1,31,19,10,8,1,0,1743,695,355
362,湘南,8.0,大野　和成,1999.0,DF,1989-08-04,180.0,76.0,2000,3.0,,,130.0,4.0,55.0,2.0,,,,,新潟,新潟,新潟,1,1,1,25,28,14,0,1,0,2030,2398,772
363,湘南,9.0,イ　ジョンヒョプ,1248.0,FW,1991-06-24,188.0,78.0,-,1.0,,korea,,,,,,,19.0,5.0,KOR,KOR,KOR,9,9,9,3,30,26,0,4,10,-,-,-
364,湘南,10.0,秋野　央樹,1601.0,MF,1994-10-08,176.0,68.0,1300,2.0,,,48.0,1.0,38.0,4.0,11.0,0.0,,,柏,柏,湘南,1,1,2,16,23,38,0,1,4,1041,1754,3213
365,湘南,11.0,高橋　諒,683.0,DF,1993-07-16,171.0,68.0,750,2.0,,,12.0,0.0,6.0,1.0,,,,,-,名古屋,名古屋・湘南,-,1,2,-,12,6,-,0,1,-,868,226
366,湘南,13.0,山根　視来,2847.0,DF,1993-12-22,178.0,72.0,750,3.0,,,0.0,0.0,37.0,0.0,,,,,-,湘南,湘南,-,1,2,-,0,37,-,0,0,-,2430,2340
367,湘南,14.0,藤田　征也,278.0,MF,1987-06-02,175.0,70.0,2000,5.0,,,128.0,3.0,200.0,15.0,,,,,湘南,湘南,湘南,1,1,2,24,22,15,1,0,1,1561,1353,797
368,湘南,15.0,野田　隆之介,348.0,FW,1988-09-28,185.0,79.0,1800,2.0,,,56.0,10.0,53.0,5.0,,,,,名古屋,名古屋,湘南,1,1,2,4,15,20,1,1,2,286,676,652
369,湘南,16.0,齊藤　未月,1188.0,MF,1999-01-10,166.0,66.0,650,3.0,1.0,,5.0,0.0,30.0,0.0,,,,,湘南,湘南,湘南,1,1,2,0,5,30,0,0,0,0,183,1378
370,湘南,17.0,端戸　仁,171.0,FW,1990-05-31,178.0,66.0,1400,3.0,,,54.0,6.0,66.0,15.0,,,,,横浜FM,湘南,湘南,1,1,2,3,20,27,0,4,1,22,1270,1589
371,湘南,18.0,松田　天馬,1226.0,MF,1995-06-11,164.0,62.0,480,1.0,,,,,3.0,0.0,,,,,-,-,湘南,-,-,2,-,-,3,-,-,0,-,-,97
372,湘南,19.0,アレン　ステバノヴィッチ,457.0,FW,1991-01-07,184.0,75.0,7500,1.0,,serbia,,,,,,,3.0,1.0,SRB,SRB,SRB,9,9,9,0,0,0,0,0,0,-,-,-
373,湘南,20.0,坂　圭祐,2250.0,DF,1995-05-07,174.0,74.0,480,1.0,,,,,,,,,,,-,-,-,-,-,-,-,-,-,-,-,-,-,-,-
374,湘南,21.0,富居　大樹,0.0,GK,1989-08-27,182.0,74.0,700,1.0,,,,,66.0,0.0,,,,,群馬,山形,山形,2,2,2,40,1,4,0,0,0,3570,90,360
375,湘南,23.0,高山　薫,941.0,MF,1988-07-08,173.0,66.0,3000,7.0,,,130.0,19.0,81.0,17.0,,,,,湘南,湘南,湘南,1,1,2,33,33,8,7,4,2,2886,2840,518
376,湘南,24.0,表原　玄太,16.0,MF,1996-02-28,167.0,67.0,700,2.0,,,,,66.0,3.0,,,,,愛媛,愛媛,湘南,2,2,2,7,15,20,1,1,0,45,1449,1764
381,湘南,28.0,石原　広教,395.0,DF,1999-02-26,169.0,65.0,480,2.0,1.0,,0.0,0.0,10.0,0.0,,,,,-,湘南,湘南,-,1,2,-,0,10,-,0,0,-,0,568
382,湘南,29.0,杉岡　大暉,2507.0,DF,1998-09-08,182.0,75.0,600,2.0,,,,,37.0,3.0,,,,,-,-,湘南,-,-,2,-,-,37,-,-,3,-,-,3251
383,湘南,30.0,島村　毅,1.0,DF,1985-08-10,183.0,76.0,1600,10.0,,,83.0,6.0,116.0,13.0,,,,,湘南,湘南,湘南,1,1,2,13,19,18,3,0,3,696,1265,1113
384,湘南,31.0,後藤　雅明,0.0,GK,1994-05-24,190.0,83.0,480,2.0,,,,,0.0,0.0,,,,,-,-,湘南,-,-,2,-,-,0,-,-,0,-,-,0
389,湘南,36.0,岡本　拓也,2371.0,DF,1992-06-18,175.0,73.0,1100,3.0,,,34.0,1.0,70.0,3.0,,,,,浦和,湘南,湘南,1,1,2,3,21,30,0,1,3,207,1576,2539
392,湘南,41.0,ミキッチ,242.0,MF,1980-01-06,177.0,68.0,4000,1.0,,croatia,221.0,8.0,,,,,,,広島,広島,広島,1,1,1,31,27,14,1,1,1,2482,2033,1010
395,神戸,2.0,那須　大亮,295.0,DF,1981-10-10,180.0,77.0,4000,1.0,,,391.0,29.0,,,,,,,浦和,浦和,浦和,1,1,1,30,14,9,2,1,0,2664,1142,386
396,神戸,3.0,渡部　博文,2323.0,DF,1987-07-07,186.0,77.0,3600,2.0,,,136.0,11.0,35.0,3.0,,,,,仙台,仙台,神戸,1,1,1,30,33,33,3,3,3,2655,2970,2970
397,神戸,4.0,北本　久仁衛,87.0,DF,1981-09-18,181.0,75.0,2800,19.0,,,340.0,11.0,53.0,5.0,,,,,神戸,神戸,神戸,1,1,1,12,14,6,0,1,0,843,1171,468
398,神戸,5.0,チョン　ウヨン,1071.0,MF,1989-12-14,186.0,78.0,9000,3.0,,korea,78.0,3.0,64.0,2.0,,,22.0,1.0,神戸,CHN,CHN,1,9,9,32,30,21,0,1,2,2838,-,-
400,神戸,6.0,高橋　峻希,770.0,DF,1990-05-04,170.0,70.0,2800,5.0,,,159.0,7.0,47.0,1.0,,,,,神戸,神戸,神戸,1,1,1,27,34,17,4,1,0,2196,3060,1346
402,神戸,8.0,三田　啓貴,1256.0,MF,1990-09-14,173.0,65.0,2500,1.0,,,124.0,14.0,,,,,,,FC東京,仙台,仙台,1,1,1,18,31,33,1,4,5,730,2709,2942
404,神戸,9.0,ハーフナー　マイク,248.0,FW,1987-05-20,194.0,92.0,8000,2.0,,,67.0,19.0,90.0,42.0,,,18.0,4.0,FIN・HOL,HOL,神戸,9,9,1,51,27,9,20,9,2,-,-,330
405,神戸,10.0,ルーカス　ポドルスキ,2043.0,FW,1985-06-04,180.0,80.0,64000,2.0,,germany,15.0,5.0,,,,,130.0,49.0,TUR,TUR,神戸,9,9,1,30,26,15,13,7,5,-,-,1298
410,神戸,11.0,レアンドロ,33.0,FW,1985-02-12,176.0,70.0,20000,6.0,,brazil,186.0,87.0,59.0,36.0,,,,,神戸,神戸,神戸,1,1,1,12,31,1,4,19,0,2157,2711,64
413,神戸,13.0,小川　慶治朗,226.0,FW,1992-07-14,170.0,67.0,3200,8.0,1.0,,132.0,23.0,39.0,16.0,,,,,神戸,神戸,神戸,1,1,1,19,7,25,4,1,2,1374,221,1690
414,神戸,14.0,藤田　直之,2456.0,MF,1987-06-22,175.0,72.0,4800,3.0,,,180.0,10.0,55.0,4.0,,,1.0,0.0,鳥栖,神戸,神戸,1,1,1,31,32,21,0,0,1,2596,2299,1845
415,神戸,15.0,宮　大樹,448.0,DF,1996-04-01,186.0,82.0,480,1.0,,,0.0,0.0,,,,,,,-,-,神戸,-,-,1,-,-,0,-,-,0,-,-,0
418,神戸,17.0,ウェリントン,1651.0,FW,1988-02-11,188.0,90.0,8000,1.0,,brazil,45.0,8.0,92.0,46.0,,,,,BRA・福岡,福岡,福岡,2,1,2,18,29,36,7,5,19,1387,2085,3068
419,神戸,18.0,キム　スンギュ,2700.0,GK,1990-09-30,187.0,84.0,8500,3.0,,korea,65.0,0.0,,,,,27.0,0.0,KOR,神戸,神戸,9,1,1,32,34,31,0,0,0,-,3060,2790
420,神戸,19.0,渡邉　千真,957.0,FW,1986-08-10,182.0,79.0,5000,4.0,,,269.0,84.0,,,,,1.0,0.0,神戸,神戸,神戸,1,1,1,28,33,34,10,12,8,2237,2938,2872
422,神戸,21.0,田中　順也,948.0,FW,1987-07-15,181.0,77.0,6500,2.0,,,159.0,39.0,24.0,6.0,,,4.0,0.0,POR,柏,神戸,9,1,1,3,21,24,0,4,1,-,967,1175
423,神戸,22.0,橋本　和,809.0,DF,1986-09-14,181.0,72.0,2500,3.0,,,141.0,6.0,29.0,0.0,,,,,浦和,浦和・神戸,神戸,1,1,1,6,15,14,0,0,1,136,1183,1227
424,神戸,23.0,松下　佳貴,239.0,MF,1994-03-03,174.0,67.0,1000,3.0,,,25.0,0.0,,,,,,,神戸,神戸,神戸,1,1,1,1,11,25,0,1,0,8,455,1638
425,神戸,24.0,三原　雅俊,1537.0,MF,1988-08-02,175.0,69.0,2500,11.0,,,123.0,4.0,38.0,0.0,,,,,神戸,神戸,神戸,1,1,1,20,30,20,1,0,2,1610,2149,1422
427,神戸,27.0,郷家　友太,1521.0,MF,1999-06-10,183.0,74.0,420,1.0,,,,,,,,,,,-,-,-,-,-,-,-,-,-,-,-,-,-,-,-
430,神戸,30.0,ティーラトン,2111.0,DF,1990-02-06,171.0,62.0,2500,1.0,,thailand,,,,,,,49.0,5.0,THA,THA・THA,THA,9,9,9,32,21,30,3,3,7,-,-,-
431,神戸,31.0,中坂　勇哉,0.0,MF,1997-08-05,171.0,68.0,750,3.0,1.0,,26.0,3.0,,,,,,,-,神戸,神戸,-,1,1,-,12,14,-,1,2,-,379,567
432,神戸,33.0,大槻　周平,1187.0,FW,1989-05-26,178.0,75.0,2400,2.0,,,87.0,7.0,33.0,9.0,,,,,湘南,湘南,神戸,1,1,1,32,27,14,4,2,1,2317,1672,427
433,神戸,34.0,藤谷　壮,848.0,DF,1997-10-28,178.0,67.0,800,3.0,1.0,,21.0,0.0,,,,,,,神戸,神戸,神戸,1,1,1,5,0,16,0,0,0,152,0,1319
434,神戸,35.0,安井　拓也,175.0,MF,1998-11-21,174.0,66.0,420,2.0,1.0,,1.0,0.0,,,,,,,-,-,神戸,-,-,1,-,-,1,-,-,0,-,-,36
437,神戸,38.0,佐々木　大樹,411.0,MF,1999-09-17,180.0,77.0,380,1.0,1.0,,,,,,,,,,-,-,神戸,-,-,1,-,-,0,-,-,0,-,-,0
438,神戸,39.0,伊野波　雅彦,657.0,DF,1985-08-28,179.0,74.0,4000,4.0,,,233.0,4.0,57.0,2.0,,,20.0,1.0,磐田,神戸,神戸,2,1,1,32,27,15,1,0,0,2822,2340,844
441,清水,1.0,西部　洋平,0.0,GK,1980-12-01,187.0,79.0,2300,10.0,,,298.0,0.0,51.0,0.0,,,,,川崎F,清水,清水,1,2,1,11,6,0,0,0,0,990,528,0
442,清水,2.0,清水　航平,0.0,MF,1989-04-30,169.0,67.0,2600,2.0,,,137.0,6.0,4.0,1.0,,,,,広島,広島,広島・清水,1,1,1,16,31,21,2,0,0,912,1626,1321
443,清水,3.0,ファン　ソッコ,2880.0,DF,1989-06-27,183.0,80.0,3500,1.0,,korea,92.0,3.0,,,,,4.0,0.0,鹿島,鹿島,CHN,1,1,9,24,12,15,0,0,0,1935,1008,-
444,清水,4.0,フレイレ,2604.0,DF,1989-08-21,187.0,82.0,3000,2.0,,brazil,11.0,0.0,,,,,,,CYP,POR,清水,9,9,1,32,18,11,3,0,0,-,-,329
446,清水,6.0,竹内　涼,2123.0,MF,1991-03-08,173.0,67.0,2400,9.0,,,88.0,0.0,60.0,3.0,,,,,清水,清水,清水,1,2,1,19,30,24,0,0,0,1074,2345,2148
447,清水,7.0,六平　光成,0.0,MF,1991-01-16,176.0,66.0,2500,6.0,,,89.0,1.0,26.0,0.0,,,,,清水,清水,清水,1,2,1,25,26,25,0,0,0,1473,1957,2215
448,清水,9.0,鄭　大世,599.0,FW,1984-03-02,181.0,80.0,8000,4.0,,,148.0,60.0,37.0,26.0,,,33.0,15.0,KOR・清水,清水,清水,1,2,1,13,37,23,4,26,10,1027,2842,1878
449,清水,10.0,白崎　凌兵,1926.0,MF,1993-05-18,181.0,70.0,2300,6.0,,,52.0,5.0,85.0,13.0,0.0,0.0,,,清水,清水,清水,1,2,1,20,35,24,2,8,3,1245,2862,1886
450,清水,11.0,村田　和哉,126.0,FW,1988-10-07,169.0,64.0,2500,6.0,,,105.0,7.0,36.0,5.0,,,,,清水,清水,清水,1,2,1,15,36,19,1,5,0,668,1306,454
451,清水,13.0,六反　勇治,3060.0,GK,1987-04-10,188.0,80.0,3000,2.0,,,98.0,0.0,23.0,0.0,,,0.0,0.0,仙台,仙台,清水,1,1,1,32,13,34,0,0,0,2880,1163,3060
452,清水,14.0,楠神　順平,25.0,MF,1987-08-27,171.0,63.0,2500,1.0,,,121.0,10.0,21.0,3.0,4.0,1.0,,,C大阪,鳥栖・AUS,AUS,2,1,9,21,1,11,3,0,1,1132,31,-
453,清水,15.0,兵働　昭弘,51.0,MF,1982-05-12,180.0,73.0,2500,7.0,,,191.0,17.0,180.0,15.0,,,,,大分,水戸,甲府,2,2,1,33,41,23,2,0,1,2689,3453,1840
454,清水,17.0,河井　陽介,2798.0,MF,1989-08-04,166.0,59.0,2700,7.0,,,110.0,2.0,37.0,1.0,,,,,清水,清水,清水,1,2,1,13,37,3,0,1,0,817,3210,248
455,清水,18.0,長谷川　悠,96.0,FW,1987-07-05,187.0,78.0,2200,3.0,,,169.0,26.0,100.0,17.0,,,,,徳島,徳島・清水,清水,2,2,1,36,17,16,3,1,2,1991,288,834
456,清水,19.0,ミッチェル　デューク,843.0,FW,1991-01-18,186.0,84.0,3500,4.0,,australia,60.0,2.0,7.0,1.0,,,4.0,2.0,清水,清水,清水,1,2,1,29,7,31,1,1,1,2039,283,1947
457,清水,20.0,クリスラン,1469.0,FW,1992-03-13,187.0,85.0,4500,1.0,,brazil,29.0,8.0,,,,,,,BRA・POR,POR・POR,仙台,9,9,1,13,11,29,2,0,8,-,-,1009
460,清水,23.0,北川　航也,2364.0,FW,1996-07-26,180.0,77.0,1500,4.0,1.0,,33.0,6.0,30.0,9.0,4.0,0.0,,,清水,清水,清水,1,2,1,7,30,26,1,9,5,290,969,1129
461,清水,24.0,増田　誓志,0.0,MF,1985-06-19,179.0,75.0,3500,2.0,,,204.0,15.0,,,,,1.0,0.0,KOR,KOR,UAE・清水,9,9,1,31,32,4,3,0,1,-,-,259
462,清水,25.0,松原　后,2775.0,DF,1996-08-30,182.0,72.0,1500,4.0,,,39.0,2.0,28.0,1.0,3.0,0.0,,,清水,清水,清水,1,2,1,7,28,32,0,1,2,378,2497,2834
463,清水,26.0,二見　宏志,553.0,DF,1992-03-20,179.0,75.0,1700,3.0,,,50.0,2.0,1.0,0.0,,,,,仙台,仙台・清水,清水,1,1,1,13,5,25,0,0,1,974,99,2156
465,清水,28.0,立田　悠悟,2005.0,DF,1998-06-21,191.0,81.0,420,2.0,1.0,,0.0,0.0,,,,,,,-,-,清水,-,-,1,-,-,0,-,-,0,-,-,0
466,清水,29.0,石毛　秀樹,1857.0,MF,1994-09-21,170.0,69.0,2300,6.0,1.0,,81.0,7.0,54.0,3.0,8.0,2.0,,,清水,清水,岡山,1,2,2,12,23,31,3,1,2,560,1150,1838
467,清水,30.0,金子　翔太,2845.0,MF,1995-05-02,163.0,58.0,1500,5.0,,,33.0,4.0,27.0,5.0,18.0,3.0,,,清水・栃木,清水,清水,1,2,1,10,22,26,1,4,4,446,769,1626
477,清水,45.0,角田　誠,292.0,DF,1983-07-10,180.0,78.0,3200,4.0,,,340.0,20.0,72.0,1.0,,,,,川崎F・清水,清水,清水,1,1,1,28,23,19,0,1,1,2246,1981,1420
480,仙台,1.0,シュミット　ダニエル,1620.0,GK,1992-02-03,197.0,88.0,1400,4.0,,,20.0,0.0,71.0,0.0,,,,,仙台・熊本,松本,仙台,2,2,1,26,41,20,0,0,0,2340,3690,1800
481,仙台,2.0,永戸　勝也,1458.0,DF,1995-01-15,173.0,73.0,750,2.0,,,17.0,0.0,,,,,,,-,-,仙台,-,-,1,-,-,17,-,-,0,-,-,1364
482,仙台,4.0,蜂須賀　孝治,2299.0,DF,1990-07-20,180.0,76.0,1300,6.0,,,82.0,0.0,,,,,,,仙台,仙台,仙台,1,1,1,21,9,29,0,0,0,1003,475,1490
483,仙台,6.0,板倉　滉,1970.0,DF,1997-01-27,186.0,75.0,600,1.0,,,7.0,0.0,,,2.0,0.0,,,川崎F,川崎F,川崎F,1,1,1,0,2,5,0,0,0,0,21,72
484,仙台,7.0,奥埜　博亮,2110.0,MF,1989-08-14,171.0,68.0,2000,6.0,1.0,,99.0,15.0,55.0,7.0,,,,,仙台,仙台,仙台,1,1,1,32,34,31,7,4,4,2311,2437,2181
485,仙台,8.0,庄司　悦大,0.0,MF,1989-09-14,175.0,70.0,1400,1.0,,,,,110.0,9.0,63.0,0.0,,,山口,山口,岐阜,3,2,2,35,42,41,0,4,5,3137,3731,3689
486,仙台,10.0,梁　勇基,435.0,MF,1982-01-07,173.0,72.0,4000,15.0,,,241.0,29.0,254.0,47.0,,,21.0,5.0,仙台,仙台,仙台,1,1,1,33,26,24,3,0,2,2931,2112,1107
487,仙台,11.0,石原　直樹,2752.0,FW,1984-08-14,173.0,64.0,2400,2.0,,,225.0,57.0,143.0,41.0,,,,,浦和,浦和,仙台,1,1,1,4,6,31,0,0,10,298,115,2740
488,仙台,13.0,平岡　康裕,2287.0,DF,1986-05-23,183.0,72.0,2800,3.0,,,246.0,12.0,,,,,,,清水,仙台,仙台,1,1,1,18,28,33,0,0,0,1357,2445,2927
489,仙台,14.0,金久保　順,0.0,MF,1987-07-26,172.0,65.0,1400,4.0,,,93.0,8.0,28.0,3.0,,,,,仙台,仙台,仙台,1,1,1,20,14,2,1,2,0,1070,902,25
491,仙台,16.0,野津田　岳人,2064.0,MF,1994-06-06,177.0,72.0,1200,2.0,,,103.0,15.0,,,4.0,1.0,,,広島,広島・新潟,清水・仙台,1,1,1,19,18,23,4,2,3,878,872,999
492,仙台,17.0,富田　晋伍,2203.0,MF,1986-06-20,169.0,64.0,3000,14.0,,,244.0,4.0,109.0,1.0,,,,,仙台,仙台,仙台,1,1,1,34,33,25,0,1,0,3060,2970,2169
494,仙台,19.0,ジャーメイン　良,507.0,FW,1995-04-19,182.0,75.0,480,1.0,,,1.0,0.0,,,,,,,-,-,仙台,-,-,1,-,-,1,-,-,0,-,-,8
495,仙台,20.0,阿部　拓馬,1466.0,FW,1987-12-05,171.0,72.0,2000,1.0,,,65.0,7.0,93.0,37.0,1.0,0.0,,,甲府,FC東京,FC東京・KOR,1,1,9,30,11,10,5,1,0,2544,925,-
496,仙台,21.0,関　憲太郎,1440.0,GK,1986-03-09,178.0,78.0,1500,8.0,,,69.0,0.0,59.0,0.0,,,,,仙台,仙台,仙台,1,1,1,2,20,14,0,0,0,180,1717,1260
497,仙台,22.0,川浪　吾郎,0.0,GK,1991-04-30,192.0,84.0,600,1.0,,,7.0,0.0,10.0,0.0,,,,,新潟,新潟,新潟,1,1,1,0,5,1,0,0,0,0,429,90
498,仙台,23.0,中野　嘉大,1670.0,MF,1993-02-24,176.0,66.0,800,2.0,,,43.0,3.0,,,,,,,川崎F,川崎F,仙台,1,1,1,10,15,18,1,0,2,690,315,1327
499,仙台,25.0,菅井　直樹,234.0,MF,1984-09-21,178.0,70.0,2300,16.0,,,196.0,20.0,186.0,20.0,,,,,仙台,仙台,仙台,1,1,1,28,16,14,0,0,1,2120,565,736
500,仙台,27.0,大岩　一貴,2967.0,DF,1989-08-17,182.0,78.0,2400,3.0,,,67.0,4.0,132.0,6.0,,,,,千葉,仙台,仙台,2,1,1,35,33,34,2,1,3,3071,2858,3060
501,仙台,29.0,古林　将太,611.0,MF,1991-05-11,174.0,70.0,1600,2.0,,,107.0,4.0,76.0,4.0,,,,,湘南,名古屋,名古屋・仙台,1,1,1,26,28,17,3,1,0,1429,1740,988
502,仙台,30.0,西村　拓真,1542.0,FW,1996-10-22,178.0,76.0,900,4.0,,,40.0,3.0,,,14.0,1.0,,,仙台,仙台,仙台,1,1,1,0,12,28,0,1,2,0,290,1670
503,仙台,31.0,茂木　駿佑,0.0,MF,1996-10-02,168.0,64.0,550,4.0,1.0,,27.0,0.0,11.0,0.0,1.0,0.0,,,仙台・金沢,仙台,仙台,1,1,1,22,8,8,0,0,0,1422,225,230
504,仙台,33.0,常田　克人,187.0,DF,1997-11-27,187.0,82.0,400,3.0,,,0.0,0.0,0.0,0.0,,,,,-,仙台,仙台・大分,-,1,1,-,0,0,-,0,0,-,0,0
505,仙台,34.0,椎橋　慧也,1217.0,MF,1997-06-20,178.0,70.0,600,3.0,,,9.0,1.0,,,,,,,-,仙台,仙台,-,1,1,-,0,9,-,0,1,-,0,810
508,仙台,39.0,金　正也,966.0,DF,1988-05-17,183.0,74.0,1700,1.0,,,78.0,4.0,,,2.0,0.0,,,G大阪,G大阪,G大阪,1,1,1,13,28,15,0,3,1,737,2404,1050
520,川崎F,1.0,チョン　ソンリョン,2770.0,GK,1985-01-04,191.0,91.0,8500,3.0,,korea,62.0,0.0,,,,,67.0,0.0,KOR,川崎F,川崎F,9,1,1,19,29,33,0,0,0,-,2552,2895
521,川崎F,2.0,登里　享平,1485.0,DF,1990-11-13,168.0,68.0,2400,10.0,,,132.0,7.0,,,,,,,川崎F,川崎F,川崎F,1,1,1,1,14,23,0,0,1,5,842,1478
522,川崎F,3.0,奈良　竜樹,2051.0,DF,1993-09-19,180.0,74.0,2200,3.0,,,61.0,2.0,81.0,0.0,7.0,1.0,,,FC東京,川崎F,川崎F,1,1,1,0,12,27,0,0,1,0,1009,2025
523,川崎F,4.0,大久保　嘉人,524.0,FW,1982-06-09,170.0,73.0,6000,5.0,,,399.0,179.0,29.0,18.0,,,60.0,6.0,川崎F,川崎F,FC東京,1,1,1,32,33,28,23,15,8,2868,2849,2140
524,川崎F,5.0,谷口　彰悟,3060.0,DF,1991-07-15,183.0,75.0,4000,5.0,,,132.0,11.0,,,,,3.0,0.0,川崎F,川崎F,川崎F,1,1,1,34,34,34,2,1,7,3060,2883,3060
525,川崎F,6.0,田坂　祐介,66.0,MF,1985-07-08,171.0,67.0,3000,10.0,,,153.0,15.0,,,,,,,川崎F,川崎F,川崎F,1,1,1,12,18,18,3,1,0,810,879,735
526,川崎F,7.0,車屋　紳太郎,2695.0,DF,1992-04-05,178.0,75.0,2600,4.0,,,96.0,1.0,,,,,3.0,0.0,川崎F,川崎F,川崎F,1,1,1,30,30,34,0,1,0,2030,2546,3041
527,川崎F,8.0,阿部　浩之,2081.0,MF,1989-07-05,170.0,68.0,4200,2.0,,,133.0,26.0,30.0,5.0,2.0,0.0,3.0,0.0,G大阪,G大阪,川崎F,1,1,1,33,27,28,4,3,10,1967,1731,2252
528,川崎F,9.0,赤﨑　秀平,2.0,FW,1991-09-01,174.0,70.0,2000,1.0,,,76.0,15.0,,,,,,,鹿島,鹿島,鹿島・G大阪,1,1,1,22,24,14,7,2,1,1141,1138,654
529,川崎F,10.0,大島　僚太,2461.0,MF,1993-01-23,168.0,64.0,3300,8.0,,,146.0,6.0,,,1.0,0.0,2.0,0.0,川崎F,川崎F,川崎F,1,1,1,28,24,25,0,2,1,2449,2061,2117
530,川崎F,11.0,小林　悠,2206.0,FW,1987-09-23,177.0,72.0,9800,9.0,,,201.0,78.0,5.0,0.0,,,11.0,2.0,川崎F,川崎F,川崎F,1,1,1,18,32,34,5,15,23,1153,2818,2951
531,川崎F,14.0,中村　憲剛,2630.0,MF,1980-10-31,175.0,66.0,11000,16.0,,,405.0,64.0,75.0,9.0,,,68.0,6.0,川崎F,川崎F,川崎F,1,1,1,33,31,32,2,9,6,2781,2785,2654
532,川崎F,16.0,長谷川　竜也,436.0,MF,1994-03-07,164.0,60.0,1200,3.0,,,26.0,6.0,,,,,,,川崎F,川崎F,川崎F,1,1,1,0,2,24,0,1,5,0,121,952
533,川崎F,17.0,武岡　優斗,217.0,MF,1986-06-24,178.0,73.0,2000,5.0,,,55.0,1.0,135.0,14.0,,,,,川崎F,川崎F,川崎F,1,1,1,30,18,3,1,0,0,2170,619,183
534,川崎F,18.0,エウシーニョ,2794.0,DF,1989-11-30,180.0,78.0,6000,4.0,,brazil,88.0,18.0,,,,,,,川崎F,川崎F,川崎F,1,1,1,34,33,21,8,5,5,3007,2885,1864
535,川崎F,19.0,森谷　賢太郎,93.0,MF,1988-09-21,173.0,65.0,2300,6.0,,,110.0,12.0,,,,,,,川崎F,川崎F,川崎F,1,1,1,22,19,18,2,4,2,1382,874,765
536,川崎F,20.0,知念　慶,1022.0,FW,1995-03-17,177.0,73.0,550,2.0,,,4.0,1.0,,,,,,,-,-,川崎F,-,-,1,-,-,4,-,-,1,-,-,58
537,川崎F,21.0,エドゥアルド　ネット,885.0,MF,1988-10-24,185.0,76.0,6000,3.0,,brazil,58.0,3.0,,,,,,,BRA,川崎F,川崎F,9,1,1,28,27,31,0,2,1,-,2148,2530
538,川崎F,22.0,下田　北斗,339.0,MF,1991-11-07,171.0,66.0,2000,1.0,,,56.0,4.0,10.0,0.0,,,,,甲府,湘南,湘南,1,1,1,22,23,10,2,2,0,1807,1474,411
539,川崎F,23.0,エドゥアルド,199.0,DF,1993-04-27,184.0,84.0,3300,3.0,,brazil,74.0,3.0,34.0,4.0,,,,,柏,川崎F,川崎F,1,1,1,29,25,14,2,0,0,2548,1734,1089
540,川崎F,24.0,安藤　駿介,0.0,GK,1990-08-10,185.0,81.0,650,9.0,1.0,,15.0,0.0,,,,,,,川崎F,川崎F,川崎F,1,1,1,0,0,0,0,0,0,0,0,0
541,川崎F,25.0,守田　英正,1827.0,MF,1995-05-10,177.0,75.0,480,1.0,,,0.0,0.0,,,,,,,-,-,川崎F,-,-,1,-,-,0,-,-,0,-,-,0
543,川崎F,27.0,鈴木　雄斗,212.0,MF,1993-12-07,182.0,76.0,1800,1.0,,,0.0,0.0,139.0,18.0,0.0,0.0,,,水戸,山形,山形,2,2,2,27,21,31,6,2,5,1789,1110,2093
545,川崎F,29.0,舞行龍ジェームズ,0.0,DF,1988-09-17,185.0,82.0,2300,2.0,,,94.0,1.0,1.0,0.0,,,3.0,0.0,新潟,新潟,川崎F,1,1,1,29,22,0,0,1,0,2456,1897,0
546,川崎F,30.0,新井　章太,270.0,GK,1988-11-01,184.0,84.0,900,6.0,,,31.0,0.0,0.0,0.0,,,,,川崎F,川崎F,川崎F,1,1,1,23,5,3,0,0,0,2070,397,165
552,川崎F,37.0,齋藤　学,405.0,MF,1990-04-04,169.0,66.0,6200,1.0,,,201.0,32.0,36.0,14.0,,,6.0,1.0,横浜FM,横浜FM,横浜FM,1,1,1,32,33,25,7,10,1,2793,2844,2213
553,川崎F,41.0,家長　昭博,2745.0,MF,1986-06-13,173.0,70.0,8300,2.0,,,290.0,46.0,50.0,12.0,,,3.0,0.0,大宮,大宮,川崎F,2,1,1,33,26,21,11,11,2,2869,2313,1289
555,長崎,1.0,増田　卓也,540.0,GK,1989-06-29,185.0,80.0,1000,2.0,,,4.0,0.0,42.0,0.0,,,,,広島,広島,長崎,1,1,2,0,0,42,0,0,0,0,0,3780
556,長崎,2.0,田代　真一,0.0,DF,1988-06-26,182.0,72.0,1300,2.0,,,5.0,0.0,110.0,1.0,,,,,千葉,山形,長崎,2,2,2,12,30,31,0,1,0,473,2519,2341
557,長崎,3.0,飯尾　竜太朗,2632.0,MF,1991-01-30,173.0,69.0,1300,2.0,,,6.0,0.0,79.0,5.0,,,,,松本,松本,長崎,1,2,2,6,18,39,0,2,3,392,1481,3482
558,長崎,4.0,髙杉　亮太,2674.0,DF,1984-01-10,182.0,71.0,2400,6.0,,,,,279.0,12.0,,,,,長崎,長崎,長崎,2,2,2,31,32,28,0,1,2,2790,2864,2520
559,長崎,5.0,田上　大地,2177.0,DF,1993-06-16,180.0,78.0,1200,3.0,,,,,39.0,1.0,,,,,-,長崎,長崎,-,2,2,-,15,24,-,0,1,-,897,1937
561,長崎,6.0,前田　悠佑,316.0,MF,1984-11-23,176.0,69.0,2000,7.0,,,,,153.0,2.0,,,,,長崎,長崎,長崎,2,2,2,34,34,32,1,0,1,1889,2615,1968
562,長崎,7.0,幸野　志有人,75.0,MF,1993-05-04,179.0,70.0,1300,3.0,,,3.0,0.0,116.0,7.0,15.0,0.0,,,FC東京,FC東京・山口,長崎,1,2,2,0,8,30,0,0,3,0,616,1883
563,長崎,8.0,木村　裕,0.0,FW,1994-06-03,177.0,73.0,1000,4.0,,,11.0,0.0,63.0,10.0,3.0,1.0,,,長崎,長崎,長崎,2,2,2,26,24,18,4,1,5,1772,1283,943
564,長崎,9.0,ファンマ,1993.0,FW,1990-11-17,187.0,90.0,7000,2.0,,spain,,,32.0,11.0,,,,,SCO,SPA,長崎,9,9,2,33,10,32,12,2,11,-,-,2294
565,長崎,10.0,黒木　聖仁,1839.0,MF,1989-10-24,180.0,72.0,1500,3.0,,,53.0,3.0,93.0,8.0,,,,,長崎,甲府,甲府,2,1,1,34,26,6,4,2,0,3024,1772,174
566,長崎,11.0,鈴木　武蔵,1860.0,FW,1994-02-11,185.0,74.0,1500,1.0,,,97.0,7.0,15.0,2.0,3.0,0.0,,,新潟・水戸,新潟,新潟・松本,1,1,1,19,14,26,3,0,1,631,515,728
567,長崎,13.0,乾　大知,0.0,DF,1989-12-02,183.0,78.0,1400,2.0,,,,,140.0,8.0,,,,,群馬,群馬,長崎,2,2,2,21,29,40,0,2,4,1808,2455,3585
568,長崎,14.0,中村　北斗,0.0,MF,1985-07-10,167.0,69.0,2400,1.0,,,115.0,7.0,134.0,10.0,,,,,福岡,福岡,福岡,2,1,2,30,16,5,3,0,0,2510,1253,19
569,長崎,15.0,島田　譲,1479.0,MF,1990-11-28,175.0,73.0,1500,2.0,,,,,140.0,5.0,,,,,岡山,岡山,長崎,2,2,2,31,29,37,0,0,2,1600,1341,3153
570,長崎,16.0,吉岡　雅和,0.0,MF,1995-03-09,163.0,59.0,600,2.0,,,,,19.0,2.0,,,,,-,-,長崎,-,-,2,-,-,19,-,-,2,-,-,761
571,長崎,17.0,中原　彰吾,1016.0,MF,1994-05-19,177.0,68.0,700,1.0,,,3.0,0.0,34.0,1.0,27.0,2.0,,,札幌,札幌,G大阪,2,2,1,13,4,3,0,1,0,388,111,176
572,長崎,18.0,ベン　ハロラン,81.0,MF,1992-06-14,182.0,74.0,8000,1.0,,australia,,,,,,,6.0,0.0,GER,GER,GER,9,9,9,22,19,9,2,2,1,-,-,-
574,長崎,19.0,澤田　崇,2698.0,MF,1991-05-26,170.0,63.0,1200,2.0,,,7.0,1.0,87.0,14.0,,,,,清水,清水,長崎,1,2,2,7,7,40,1,0,5,281,202,3476
575,長崎,20.0,中村　慶太,1677.0,MF,1993-06-30,178.0,73.0,1300,3.0,,,,,64.0,10.0,,,,,-,長崎,長崎,-,2,2,-,27,37,-,2,8,-,844,1339
576,長崎,21.0,富澤　雅也,0.0,GK,1993-07-14,188.0,76.0,480,3.0,,,,,0.0,0.0,,,,,-,長崎,長崎,-,2,2,-,0,0,-,0,0,-,0,0
577,長崎,22.0,奥田　達朗,0.0,GK,1988-09-20,185.0,84.0,600,2.0,,,8.0,0.0,1.0,0.0,,,,,鳥栖,磐田,長崎,1,1,2,0,0,0,0,0,0,0,0,0
578,長崎,23.0,米田　隼也,384.0,DF,1995-11-05,173.0,69.0,480,1.0,,,,,,,,,,,-,-,-,-,-,-,-,-,-,-,-,-,-,-,-
579,長崎,24.0,香川　勇気,7.0,DF,1992-07-02,177.0,70.0,800,2.0,,,,,44.0,3.0,22.0,0.0,,,山口,山口,山口・長崎,3,2,2,22,27,17,0,1,2,1829,2326,1431
581,長崎,26.0,碓井　鉄平,446.0,MF,1991-11-03,174.0,68.0,600,5.0,,,,,15.0,0.0,4.0,0.0,,,長崎,長野・長崎,長崎,2,3,2,3,4,11,0,0,0,223,176,487
582,長崎,27.0,新里　涼,281.0,MF,1995-09-03,180.0,69.0,480,1.0,,,,,,,,,,,-,-,-,-,-,-,-,-,-,-,-,-,-,-,-
583,長崎,28.0,翁長　聖,2952.0,MF,1995-02-23,171.0,68.0,900,2.0,,,,,38.0,4.0,,,,,-,-,長崎,-,-,2,-,-,38,-,-,4,-,-,3138
584,長崎,29.0,福田　健介,0.0,DF,1984-07-24,174.0,70.0,1500,2.0,,,77.0,2.0,140.0,3.0,,,,,甲府,甲府,長崎,1,1,2,1,10,7,0,0,0,20,394,400
585,長崎,30.0,徳重　健太,2520.0,GK,1984-03-09,187.0,87.0,1400,1.0,,,112.0,0.0,27.0,0.0,,,,,神戸,神戸,神戸,1,1,1,5,0,3,0,0,0,450,0,270
588,長崎,32.0,徳永　悠平,2412.0,DF,1983-09-25,180.0,76.0,6000,1.0,,,359.0,4.0,37.0,3.0,,,9.0,0.0,FC東京,FC東京,FC東京,1,1,1,33,30,24,0,0,0,2917,2533,1722
589,長崎,33.0,北谷　史孝,0.0,DF,1995-08-18,180.0,72.0,900,2.0,,,0.0,0.0,52.0,1.0,9.0,1.0,,,横浜FM,山口,長崎,1,2,2,0,38,14,0,1,0,0,3401,992
593,長崎,37.0,平松　宗,409.0,FW,1992-11-20,184.0,80.0,1200,2.0,,,22.0,0.0,34.0,7.0,,,,,新潟,新潟・水戸,新潟・長崎,1,2,2,13,29,14,0,4,3,616,1777,618
598,鳥栖,1.0,赤星　拓,0.0,GK,1984-04-21,185.0,80.0,750,12.0,,,59.0,0.0,86.0,0.0,,,,,鳥栖,鳥栖,鳥栖,1,1,1,11,0,2,0,0,0,985,0,169
599,鳥栖,2.0,三丸　拡,722.0,DF,1993-07-06,172.0,69.0,600,3.0,,,9.0,0.0,,,,,,,-,鳥栖,鳥栖,-,1,1,-,3,6,-,0,0,-,270,475
600,鳥栖,3.0,高橋　祐治,2367.0,DF,1993-04-11,187.0,80.0,1200,1.0,,,,,71.0,1.0,11.0,1.0,,,讃岐,京都,京都,2,2,2,32,15,23,1,0,0,2626,1208,1983
601,鳥栖,4.0,原川　力,2337.0,MF,1993-08-18,175.0,72.0,1800,2.0,,,37.0,7.0,71.0,1.0,1.0,0.0,,,京都,川崎F,鳥栖,2,1,1,29,4,33,0,0,7,2116,102,2792
602,鳥栖,5.0,キム　ミンヒョク,2058.0,DF,1992-02-27,187.0,73.0,3100,5.0,,korea,118.0,3.0,,,,,1.0,0.0,鳥栖,鳥栖,鳥栖,1,1,1,25,33,33,0,0,3,1930,2970,2916
603,鳥栖,6.0,福田　晃斗,2624.0,MF,1992-05-01,170.0,65.0,1400,4.0,,,58.0,4.0,,,,,,,鳥栖,鳥栖,鳥栖,1,1,1,3,22,29,0,0,4,27,1893,2419
604,鳥栖,7.0,河野　広貴,72.0,MF,1990-03-30,168.0,65.0,2300,2.0,,,126.0,15.0,97.0,17.0,,,,,FC東京,FC東京,FC東京・鳥栖,1,1,1,22,29,15,1,5,0,1311,1688,704
605,鳥栖,8.0,藤田　優人,903.0,DF,1986-05-08,176.0,75.0,2000,3.0,,,112.0,2.0,80.0,2.0,,,,,柏,鳥栖,鳥栖,1,1,1,10,32,23,0,1,0,719,2841,1524
606,鳥栖,9.0,趙　東建,661.0,FW,1986-04-16,180.0,75.0,3000,2.0,,korea,17.0,5.0,,,,,3.0,0.0,KOR,KOR,鳥栖,9,9,1,0,24,17,0,4,5,-,-,922
609,鳥栖,12.0,辻　周吾,0.0,GK,1997-07-21,187.0,80.0,420,3.0,,,0.0,0.0,,,,,,,-,鳥栖,鳥栖,-,1,1,-,0,0,-,0,0,-,0,0
610,鳥栖,13.0,小林　祐三,2126.0,DF,1985-11-15,176.0,72.0,4000,2.0,,,319.0,5.0,70.0,1.0,,,,,横浜FM,横浜FM,鳥栖,1,1,1,32,33,19,2,0,0,2845,2942,1604
611,鳥栖,14.0,高橋　義希,1847.0,MF,1985-05-14,170.0,67.0,4200,13.0,,,212.0,5.0,242.0,20.0,,,,,鳥栖,鳥栖,鳥栖,1,1,1,32,34,34,0,1,1,2445,2845,2842
612,鳥栖,15.0,鄭　昇炫,990.0,DF,1994-04-03,188.0,89.0,2800,2.0,,korea,16.0,1.0,,,,,2.0,0.0,KOR,KOR,KOR・鳥栖,9,9,1,18,19,16,0,1,1,-,-,1331
616,鳥栖,20.0,権田　修一,3060.0,GK,1989-03-03,187.0,83.0,3400,2.0,,,216.0,0.0,20.0,0.0,,,3.0,0.0,FC東京・AUT,AUT,鳥栖,1,9,1,22,15,33,0,0,0,1980,-,2891
618,鳥栖,22.0,池田　圭,297.0,FW,1986-10-20,178.0,72.0,2000,10.0,,,143.0,16.0,74.0,9.0,,,,,鳥栖,鳥栖,鳥栖,1,1,1,26,15,12,1,1,0,1627,158,190
619,鳥栖,23.0,吉田　豊,2029.0,DF,1990-02-17,168.0,72.0,3300,4.0,,,201.0,3.0,60.0,0.0,,,,,鳥栖,鳥栖,鳥栖,1,1,1,31,32,30,1,0,0,2592,2879,2668
620,鳥栖,24.0,安在　和樹,440.0,DF,1994-08-07,172.0,68.0,2000,1.0,,,,,144.0,7.0,,,,,東京V,東京V,東京V,2,2,2,33,35,37,3,0,3,2960,3101,3124
621,鳥栖,25.0,安　庸佑,291.0,MF,1991-08-10,177.0,69.0,2500,2.0,,korea,8.0,0.0,,,,,,,KOR,KOR,KOR・鳥栖,9,9,1,34,32,8,3,4,0,-,-,201
622,鳥栖,26.0,伊藤　遼哉,0.0,MF,1998-05-02,180.0,70.0,480,1.0,,,,,,,,,,,-,-,-,-,-,-,-,-,-,-,-,-,-,-,-
623,鳥栖,27.0,田川　亨介,978.0,FW,1999-02-11,181.0,70.0,900,2.0,1.0,,24.0,4.0,,,,,,,-,鳥栖,鳥栖,-,1,1,-,0,24,-,0,4,-,0,1128
625,鳥栖,29.0,谷口　博之,0.0,MF,1985-06-27,182.0,73.0,3600,5.0,,,349.0,52.0,11.0,1.0,,,0.0,0.0,鳥栖,鳥栖,鳥栖,1,1,1,33,33,10,4,2,0,2766,2970,899
627,鳥栖,32.0,ビクトル　イバルボ,457.0,FW,1990-05-19,188.0,79.0,8500,2.0,,columbia,25.0,5.0,,,,,15.0,1.0,ITA・ENG・COL,GRE・ITA,鳥栖,9,9,1,17,9,25,0,1,5,-,-,1842
629,鳥栖,36.0,高橋　秀人,2865.0,MF,1987-10-17,184.0,75.0,3800,1.0,,,170.0,11.0,32.0,4.0,2.0,0.0,7.0,0.0,FC東京,FC東京,神戸,1,1,1,29,19,22,4,0,1,2052,1087,1573
631,鳥栖,40.0,小野　裕二,2453.0,FW,1992-12-22,170.0,69.0,2700,2.0,,,98.0,11.0,,,,,,,BEL,BEL,鳥栖,9,9,1,22,6,19,0,0,2,-,-,1338
636,鳥栖,50.0,水野　晃樹,0.0,MF,1985-09-06,173.0,66.0,1100,2.0,,,157.0,16.0,20.0,1.0,,,4.0,0.0,千葉,仙台,鳥栖,2,1,1,19,8,9,1,0,1,1064,266,188
637,柏,1.0,桐畑　和繁,1556.0,GK,1987-06-30,187.0,77.0,1000,13.0,1.0,,30.0,0.0,2.0,0.0,,,,,柏,柏,柏,1,1,1,5,6,0,0,0,0,419,540,0
638,柏,2.0,鎌田　次郎,1559.0,DF,1985-07-28,179.0,76.0,3000,5.0,,,244.0,10.0,15.0,0.0,,,,,仙台,柏,柏,1,1,1,25,16,15,1,0,0,2232,1113,998
639,柏,3.0,ユン　ソギョン,521.0,DF,1990-02-13,183.0,76.0,6000,2.0,,korea,10.0,0.0,,,,,10.0,0.0,ENG・ENG,DEN,柏,9,9,1,12,0,10,0,0,0,-,-,742
641,柏,4.0,中谷　進之介,511.0,DF,1996-03-24,184.0,77.0,2300,5.0,1.0,,69.0,2.0,,,13.0,0.0,,,柏,柏,柏,1,1,1,3,31,30,0,2,0,184,2790,2648
643,柏,5.0,中山　雄太,1468.0,DF,1997-02-16,181.0,76.0,2100,4.0,1.0,,57.0,3.0,,,12.0,0.0,,,柏,柏,柏,1,1,1,1,26,30,0,2,1,22,2213,2680
645,柏,7.0,大谷　秀和,1504.0,MF,1984-11-06,174.0,67.0,5400,16.0,1.0,,326.0,17.0,64.0,3.0,,,,,柏,柏,柏,1,1,1,31,20,32,2,1,5,2722,1371,2854
646,柏,8.0,小泉　慶,1963.0,MF,1995-04-19,173.0,70.0,2500,1.0,,,110.0,4.0,,,1.0,0.0,,,新潟,新潟,新潟,1,1,1,21,30,33,2,0,2,1597,2442,2935
647,柏,9.0,クリスティアーノ,2734.0,FW,1987-01-12,183.0,83.0,7500,4.0,,brazil,133.0,47.0,40.0,16.0,,,,,柏,甲府・柏,柏,1,1,1,34,34,33,14,16,12,2958,2988,2870
648,柏,10.0,江坂　任,2451.0,MF,1992-05-31,175.0,67.0,3000,1.0,,,65.0,15.0,42.0,13.0,,,,,群馬,群馬,大宮,2,1,1,42,31,34,13,8,7,3682,2091,2997
649,柏,11.0,山崎　亮平,217.0,FW,1989-03-14,173.0,76.0,3000,1.0,,,168.0,19.0,39.0,8.0,,,,,新潟,新潟,新潟,1,1,1,33,28,31,5,2,2,2052,1925,2504
650,柏,13.0,小池　龍太,2868.0,DF,1995-08-29,170.0,67.0,1500,2.0,,,32.0,0.0,42.0,3.0,30.0,1.0,,,山口,山口,柏,3,2,1,30,42,32,1,3,0,2535,3743,2709
651,柏,14.0,伊東　純也,2941.0,FW,1993-03-09,176.0,68.0,3000,3.0,,,97.0,17.0,,,,,3.0,0.0,甲府,柏,柏,1,1,1,30,33,34,4,7,6,1392,2676,2895
652,柏,15.0,キム　ボギョン,1879.0,MF,1989-10-06,178.0,73.0,7500,2.0,,korea,60.0,15.0,27.0,8.0,,,36.0,4.0,松本,KOR,KOR・柏,1,9,1,6,29,13,0,4,0,434,-,1023
653,柏,16.0,滝本　晴彦,0.0,GK,1997-05-20,190.0,83.0,420,3.0,1.0,,0.0,0.0,,,,,,,柏,柏,柏,1,1,1,0,0,0,0,0,0,0,0,0
654,柏,17.0,手塚　康平,1047.0,MF,1996-04-06,176.0,66.0,900,3.0,1.0,,16.0,2.0,,,,,,,NZL,柏,柏,9,1,1,22,0,16,4,0,2,-,0,1301
655,柏,18.0,瀬川　祐輔,1418.0,FW,1994-02-07,170.0,67.0,1200,1.0,,,16.0,2.0,42.0,13.0,,,,,-,群馬,大宮,-,2,1,-,42,16,-,13,2,-,3633,862
656,柏,19.0,中川　寛斗,504.0,MF,1994-11-03,155.0,60.0,1600,4.0,1.0,,56.0,5.0,3.0,0.0,4.0,0.0,,,柏,柏,柏,1,1,1,5,22,22,1,1,3,232,1449,1471
657,柏,20.0,ハモン　ロペス,151.0,FW,1989-08-07,185.0,79.0,6000,2.0,,brazil,81.0,21.0,,,,,,,仙台,仙台,柏,1,1,1,26,32,18,7,10,3,1402,2418,1197
659,柏,22.0,パク　ジョンス,2070.0,DF,1994-04-12,188.0,76.0,1300,1.0,,korea,21.0,1.0,,,,,,,-,横浜FM,横浜FM,-,1,1,-,13,8,-,1,0,-,1089,668
660,柏,23.0,中村　航輔,1504.0,GK,1995-02-27,185.0,82.0,2400,5.0,1.0,,62.0,0.0,20.0,0.0,3.0,0.0,2.0,0.0,福岡,柏,柏,2,1,1,20,28,34,0,0,0,1800,2520,3060
661,柏,24.0,宮本　駿晃,0.0,DF,1999-06-04,171.0,70.0,400,1.0,1.0,,0.0,0.0,,,,,,,-,-,柏,-,-,1,-,-,0,-,-,0,-,-,0
663,柏,26.0,古賀　太陽,0.0,DF,1998-10-28,182.0,71.0,600,2.0,1.0,,9.0,0.0,,,,,,,-,柏,柏,-,1,1,-,0,9,-,0,0,-,0,366
665,柏,27.0,今井　智基,0.0,DF,1990-11-29,178.0,78.0,1000,4.0,,,58.0,2.0,5.0,0.0,,,,,大宮・柏,柏,柏,2,1,1,8,1,1,0,0,0,457,90,4
666,柏,28.0,栗澤　僚一,13.0,MF,1982-09-05,170.0,64.0,3000,11.0,,,263.0,6.0,31.0,0.0,,,,,柏,柏,柏,1,1,1,19,18,7,0,1,0,892,1304,233
667,柏,29.0,中川　創,90.0,DF,1999-06-01,184.0,79.0,380,1.0,1.0,,0.0,0.0,,,,,,,-,-,柏,-,-,1,-,-,0,-,-,0,-,-,0
668,柏,30.0,澤　昌克,0.0,MF,1983-01-12,173.0,70.0,2800,7.0,,,65.0,9.0,26.0,2.0,,,,,PER,PER,PER,9,9,9,29,35,21,5,5,0,-,-,-
673,柏,37.0,細貝　萌,330.0,MF,1986-06-10,177.0,69.0,6000,2.0,,,112.0,5.0,,,,,30.0,1.0,TUR,GER,柏,9,9,1,20,10,14,0,0,0,-,-,136
674,柏,39.0,亀川　諒史,1183.0,DF,1993-05-28,177.0,72.0,2300,1.0,,,47.0,1.0,98.0,1.0,,,,,福岡,福岡,福岡,2,1,2,38,27,42,0,0,0,3348,2430,3771
676,磐田,3.0,大井　健太郎,3060.0,DF,1984-05-14,181.0,74.0,3700,11.0,,,253.0,13.0,36.0,2.0,,,,,新潟,磐田,磐田,1,1,1,27,30,32,2,1,5,2324,2655,2880
677,磐田,4.0,新里　亮,1398.0,DF,1990-07-02,185.0,70.0,2300,1.0,,,47.0,0.0,94.0,2.0,,,,,水戸,甲府,甲府,2,1,1,37,14,33,1,0,0,3330,1098,2734
678,磐田,5.0,櫻内　渚,1790.0,DF,1989-08-11,176.0,73.0,2300,7.0,,,52.0,3.0,62.0,8.0,,,,,磐田,磐田,磐田,2,1,1,41,19,31,5,1,2,3674,1211,2530
679,磐田,6.0,ギレルメ,918.0,DF,1988-02-05,173.0,77.0,4000,1.0,,brazil,,,,,,,,,BRA・BRA・BRA,BRA・CYP・BRA,BRA・BRA,9,9,9,20,34,36,0,0,0,-,-,-
681,磐田,7.0,田口　泰士,2889.0,MF,1991-03-16,176.0,71.0,3600,1.0,,,121.0,7.0,34.0,9.0,,,3.0,0.0,名古屋,名古屋,名古屋,1,1,2,11,27,34,2,2,9,990,2361,3023
682,磐田,8.0,ムサエフ,246.0,MF,1989-01-02,183.0,75.0,4200,2.0,,uzbekistan,31.0,4.0,,,,,20.0,0.0,IRN,UZB,磐田,9,9,1,20,15,31,1,2,4,-,-,2656
683,磐田,9.0,太田　吉彰,0.0,MF,1983-06-11,176.0,72.0,3300,12.0,1.0,,310.0,36.0,39.0,4.0,,,,,磐田,磐田,磐田,2,1,1,39,34,8,4,3,0,2947,2944,466
684,磐田,10.0,中村　俊輔,1077.0,MF,1978-06-24,178.0,71.0,8300,2.0,,,368.0,73.0,,,,,98.0,24.0,横浜FM,横浜FM,磐田,1,1,1,19,19,30,3,4,5,1338,1552,2623
685,磐田,11.0,松浦　拓弥,1871.0,MF,1988-12-21,167.0,64.0,2400,11.0,,,167.0,13.0,45.0,4.0,,,,,磐田,磐田,磐田,2,1,1,26,26,26,3,1,3,1062,490,921
686,磐田,13.0,宮崎　智彦,1101.0,MF,1986-11-21,170.0,68.0,3400,7.0,,,114.0,1.0,93.0,4.0,,,,,磐田,磐田,磐田,2,1,1,40,32,29,2,0,0,3482,2727,2226
687,磐田,14.0,松本　昌也,477.0,MF,1995-01-25,175.0,69.0,1200,2.0,,,27.0,1.0,60.0,3.0,28.0,1.0,,,大分,大分,磐田,2,3,1,32,28,18,1,1,0,2692,2448,280
688,磐田,15.0,アダイウトン,358.0,MF,1990-12-06,176.0,83.0,6000,4.0,,brazil,66.0,14.0,39.0,17.0,,,,,磐田,磐田,磐田,2,1,1,39,34,32,17,6,8,3188,2852,2369
689,磐田,16.0,中野　誠也,102.0,FW,1995-07-23,173.0,66.0,480,1.0,1.0,,0.0,0.0,,,,,,,-,-,磐田,-,-,1,-,-,0,-,-,0,-,-,0
690,磐田,18.0,小川　航基,444.0,FW,1997-08-08,186.0,78.0,600,3.0,,,5.0,0.0,,,,,,,-,磐田,磐田,-,1,1,-,0,5,-,0,0,-,0,137
691,磐田,19.0,山田　大記,2167.0,MF,1988-12-27,174.0,67.0,5000,6.0,,,95.0,23.0,17.0,3.0,,,2.0,0.0,GER,GER,磐田,9,9,1,32,24,5,3,1,1,-,-,117
692,磐田,20.0,川又　堅碁,2602.0,FW,1989-10-14,184.0,76.0,4200,2.0,,,174.0,58.0,40.0,18.0,,,8.0,1.0,名古屋,名古屋,磐田,1,1,1,33,17,34,9,5,14,2147,545,2865
693,磐田,21.0,カミンスキー,2880.0,GK,1990-11-26,191.0,82.0,5000,4.0,,poland,53.0,0.0,41.0,0.0,,,,,磐田,磐田,磐田,2,1,1,41,20,33,0,0,0,3690,1800,2900
695,磐田,23.0,山本　康裕,831.0,MF,1989-10-29,179.0,77.0,3200,10.0,1.0,,229.0,20.0,1.0,0.0,,,,,新潟,磐田,磐田,1,1,1,33,29,5,7,0,0,2597,1828,277
696,磐田,24.0,小川　大貴,1681.0,DF,1991-10-16,172.0,73.0,1300,5.0,1.0,,27.0,0.0,6.0,0.0,,,,,磐田,磐田,磐田,2,1,1,2,7,20,0,0,0,95,509,1137
697,磐田,25.0,大南　拓磨,455.0,DF,1997-12-13,184.0,76.0,480,3.0,,,0.0,0.0,,,,,,,-,磐田,磐田,-,1,1,-,0,0,-,0,0,-,0,0
698,磐田,26.0,藤川　虎太朗,0.0,MF,1998-07-24,172.0,65.0,400,2.0,,,0.0,0.0,,,,,,,-,-,磐田,-,-,1,-,-,0,-,-,0,-,-,0
699,磐田,27.0,荒木　大吾,370.0,MF,1994-02-17,178.0,73.0,650,3.0,,,6.0,0.0,,,,,,,-,磐田,磐田,-,1,1,-,1,5,-,0,0,-,17,67
700,磐田,30.0,上原　力也,1645.0,MF,1996-08-25,174.0,66.0,650,4.0,1.0,,7.0,0.0,0.0,0.0,6.0,0.0,,,磐田,磐田,磐田,2,1,1,0,1,6,0,0,0,0,1,258
701,磐田,31.0,志村　滉,0.0,GK,1996-04-27,186.0,76.0,650,4.0,,,10.0,0.0,0.0,0.0,,,,,磐田,磐田,磐田,2,1,1,0,10,0,0,0,0,0,900,0
702,磐田,33.0,藤田　義明,191.0,DF,1983-01-12,181.0,77.0,2800,8.0,,,207.0,4.0,97.0,1.0,,,,,磐田,磐田,磐田,2,1,1,36,18,5,1,0,0,3007,1293,192
703,磐田,34.0,針谷　岳晃,0.0,MF,1998-10-15,166.0,56.0,480,2.0,,,0.0,0.0,,,,,,,-,-,磐田,-,-,1,-,-,0,-,-,0,-,-,0
704,磐田,35.0,森下　俊,484.0,DF,1986-05-11,178.0,73.0,2800,9.0,1.0,,108.0,0.0,92.0,1.0,,,,,磐田,磐田,磐田,2,1,1,18,26,29,0,0,1,1459,2289,2604
705,磐田,36.0,三浦　龍輝,180.0,GK,1992-05-17,181.0,74.0,650,2.0,,,0.0,0.0,,,15.0,0.0,,,柏,長野,磐田,1,3,1,0,15,0,0,0,0,0,1350,0
706,磐田,37.0,モルベッキ,0.0,FW,1997-08-20,187.0,79.0,480,1.0,,brazil,,,6.0,0.0,,,,,-,-,熊本,-,-,2,-,-,6,-,-,0,-,-,146
707,磐田,38.0,伊藤　洋輝,5.0,MF,1999-05-12,188.0,81.0,380,1.0,1.0,,0.0,0.0,,,,,,,-,-,磐田,-,-,1,-,-,0,-,-,0,-,-,0
708,磐田,41.0,高橋　祥平,3060.0,DF,1991-10-27,180.0,73.0,2700,2.0,,,133.0,9.0,111.0,9.0,,,,,神戸,神戸,磐田,1,1,1,26,13,28,2,0,0,2188,858,2505
710,名古屋,2.0,畑尾　大翔,136.0,DF,1990-09-16,183.0,79.0,1600,1.0,,,49.0,1.0,,,,,,,甲府,甲府,甲府,1,1,1,15,15,14,0,0,1,1091,777,929
711,名古屋,3.0,櫛引　一紀,1542.0,DF,1993-02-12,182.0,82.0,1500,2.0,,,11.0,0.0,142.0,2.0,,,,,札幌,札幌,名古屋,2,2,2,37,17,34,0,0,1,3318,802,2761
712,名古屋,4.0,小林　裕紀,2683.0,MF,1988-10-18,180.0,70.0,3000,2.0,,,171.0,3.0,26.0,1.0,,,,,新潟,新潟,名古屋,1,1,2,21,29,26,0,0,1,1591,2433,2283
713,名古屋,5.0,新井　一耀,443.0,DF,1993-11-08,186.0,78.0,600,2.0,,,8.0,0.0,6.0,1.0,,,,,横浜FM,横浜FM,横浜FM・名古屋,1,1,2,0,5,9,0,0,1,0,315,725
714,名古屋,6.0,宮原　和也,2263.0,DF,1996-03-22,172.0,67.0,1500,2.0,,,20.0,1.0,41.0,0.0,7.0,0.0,,,広島,広島,名古屋,1,1,2,3,13,41,1,0,0,270,1031,3644
716,名古屋,7.0,ジョー,2872.0,FW,1987-03-20,192.0,91.0,36000,1.0,,brazil,,,,,,,20.0,5.0,BRA・UAE,CHN,BRA,9,9,9,16,17,34,9,5,18,-,-,-
721,名古屋,8.0,ワシントン,433.0,MF,1986-11-16,182.0,84.0,6000,2.0,,brazil,,,29.0,1.0,,,,,BRA,BRA,名古屋,9,9,2,20,34,29,2,0,1,-,-,2471
722,名古屋,9.0,長谷川　アーリアジャスール,1314.0,MF,1988-10-29,186.0,74.0,4200,1.0,,,203.0,14.0,19.0,3.0,,,,,C大阪・SPA,湘南,大宮,2,1,1,19,24,16,3,1,0,1454,1118,855
723,名古屋,10.0,ガブリエル　シャビエル,2447.0,FW,1993-07-15,170.0,68.0,8500,2.0,,brazil,,,16.0,7.0,,,,,BRA,BRA,BRA・名古屋,9,9,2,12,28,16,1,3,7,-,-,1392
724,名古屋,11.0,佐藤　寿人,127.0,FW,1982-03-12,170.0,65.0,4200,2.0,,,395.0,161.0,125.0,55.0,,,31.0,4.0,広島,広島,名古屋,1,1,2,34,19,28,12,4,5,2191,665,1770
725,名古屋,13.0,大垣　勇樹,0.0,FW,2000-02-28,175.0,70.0,380,1.0,,,,,0.0,0.0,,,,,-,-,名古屋,-,-,2,-,-,0,-,-,0,-,-,0
726,名古屋,14.0,秋山　陽介,1426.0,MF,1995-04-13,172.0,70.0,480,1.0,,,,,9.0,1.0,,,,,-,-,名古屋,-,-,2,-,-,9,-,-,1,-,-,633
728,名古屋,16.0,武田　洋平,0.0,GK,1987-06-30,190.0,82.0,1000,3.0,,,16.0,0.0,83.0,0.0,,,,,大分,名古屋,名古屋,2,1,2,33,7,9,0,0,0,2970,630,810
730,名古屋,18.0,渋谷　飛翔,0.0,GK,1995-01-27,189.0,88.0,500,2.0,,,,,29.0,0.0,,,,,横浜FC,横浜FC,名古屋,2,2,2,0,19,4,0,0,0,0,1710,360
731,名古屋,19.0,押谷　祐樹,101.0,FW,1989-09-23,171.0,71.0,2200,2.0,,,4.0,0.0,234.0,63.0,,,,,岡山,岡山,名古屋,2,2,2,36,35,16,9,14,1,2580,2199,621
733,名古屋,21.0,八反田　康平,301.0,MF,1990-01-08,171.0,62.0,2200,2.0,,,33.0,1.0,17.0,0.0,14.0,1.0,,,清水,清水・大分,名古屋,1,3,2,15,15,16,0,1,0,1249,1196,788
734,名古屋,22.0,ランゲラック,3060.0,GK,1988-08-22,193.0,78.0,9000,1.0,,australia,,,,,,,8.0,0.0,GER,GER,SPA,9,9,9,3,34,0,0,0,0,-,-,-
735,名古屋,23.0,青木　亮太,1306.0,MF,1996-03-06,174.0,68.0,1300,5.0,,,5.0,0.0,26.0,11.0,7.0,0.0,,,名古屋,名古屋,名古屋,1,1,2,0,1,26,0,0,11,0,19,2028
736,名古屋,25.0,杉本　竜士,0.0,MF,1993-06-01,164.0,60.0,1300,2.0,,,,,105.0,10.0,,,,,東京V,東京V,名古屋,2,2,2,37,29,17,3,1,2,2314,1325,488
738,名古屋,28.0,玉田　圭司,1479.0,FW,1980-04-11,173.0,68.0,4500,11.0,,,342.0,96.0,85.0,19.0,,,72.0,16.0,C大阪,C大阪,名古屋,2,2,2,33,24,28,10,3,6,2288,938,1976
739,名古屋,29.0,和泉　竜司,2139.0,MF,1993-11-06,173.0,72.0,1400,3.0,,,14.0,1.0,39.0,1.0,,,,,名古屋,名古屋,名古屋,1,1,2,0,14,39,0,1,1,0,816,3270
740,名古屋,30.0,松本　孝平,0.0,FW,1994-07-31,186.0,85.0,480,2.0,,,,,0.0,0.0,,,,,-,-,名古屋,-,-,2,-,-,0,-,-,0,-,-,0
742,名古屋,32.0,深堀　隼平,106.0,FW,1998-06-29,178.0,72.0,400,2.0,1.0,,0.0,0.0,2.0,0.0,,,,,-,名古屋,名古屋,-,1,2,-,0,2,-,0,0,-,0,60
743,名古屋,33.0,梶山　幹太,0.0,MF,1998-04-24,167.0,63.0,380,2.0,1.0,,0.0,0.0,0.0,0.0,,,,,-,名古屋,名古屋,-,1,1,-,0,0,-,0,0,-,0,0
747,名古屋,39.0,内田　健太,138.0,DF,1989-10-02,178.0,69.0,1600,2.0,,,3.0,1.0,191.0,17.0,,,,,清水・愛媛,愛媛,名古屋,2,2,2,17,38,18,4,3,1,1349,3288,1286
